share_agricultural_use_1995,share_agricultural_use_2008,share_agricultural_use_2017,site_area_ha,share_amazon_biome,share_forest_1995,share_forest_2008,share_forest_2017,share_other_1995,share_other_2008,share_other_2017,area_amazon_biome,area_forest_1995,area_agricultural_use_1995,area_other_1995,area_forest_2017,area_agricultural_use_2017,area_other_2017,area_forest_2008,area_agricultural_use_2008,area_other_2008,id,z_1995,z_2008,z_2017,zbar_1995,zbar_2008,zbar_2017,gamma,alpha,delta,kappa,zeta,zeta_alt,x_1995,x_2008,x_2017,mean_pa_2017,theta,pasture_area_2017
0.02147041949319828,0.0062194568812401485,0.012649678826051058,7223078.625,7.14043253287673,7.089690221473575,7.1061987318098545,7.08208841457963,0.030860641852314075,0.029603555541143578,0.047278025175728544,3225844.4510228573,3202919.011672263,9699.928055032411,13942.94945323611,3199485.230900208,5713.628934761566,21360.696243570128,3210377.7019285583,2809.377304273562,13375.01896183403,1,9699.928055032411,2809.377304273562,5713.628934761566,3212618.9397272957,3213187.079232832,3205198.8598349695,852.6533743829831,0.045007413978564004,0.02,2.0942152550133404,1.6615974249023087e-4,2.0579009766144875e-4,2730979703.1777644,2737339380.5932717,2728051878.4155803,44.973619778118355,0.47680220110460625,238995.7993063485
0.1715073597661103,0.23026627592844306,0.32691437179164495,7223078.625,10.47991381585598,2.7785232421010733,2.745739022269845,2.7027203403413296,7.5335138170048594,7.5075768628157675,7.453899445477873,4732369.236540991,1254591.9906949294,77469.73470032444,3401945.967952776,1220341.4118411932,147689.3937465045,3365972.256081546,1239756.633903745,104033.9088004074,3390234.181760434,2,77469.73470032444,104033.9088004074,147689.3937465045,1332061.7253952539,1343790.5427041524,1368030.8055876978,741.0149334517387,0.045007413978564004,0.02,2.0942152550133404,1.6615974249023087e-4,2.0579009766144875e-4,929671400.4938874,918678179.5685352,904291210.0839026,44.973619778118355,0.3696273695047513,351254.1013769422
0.02135051810182631,0.012112592667108402,0.020686617193860002,7223078.625,3.5271767005324364,2.7012083269655704,2.7031477130949497,2.6707093194127083,0.8055306733585894,0.8128677553031594,0.836730482056737,1593388.0984099212,1220370.2902810886,9644.17598928688,363785.94730884756,1206600.6460217598,9344.426290023148,377872.0176747387,1221255.7602323615,5470.988033430317,367091.0834728345,3,9644.17598928688,5470.988033430317,9344.426290023148,1230014.4662703755,1226726.748265792,1215945.072311783,551.0553423448241,0.045007413978564004,0.02,2.0942152550133404,1.6615974249023087e-4,2.0579009766144875e-4,672491568.0982976,672979511.0454324,664903732.0670068,44.973619778118355,0.1607899692801189,12620.862872492637
0.0018672592436814739,0.00168019751617976,0.001275456787652729,7237882.75,1.8454692251980305,1.8277623858302832,1.82623390853405,1.8283332381397486,0.017958518932573497,0.019666173378936946,0.017974320420762524,835019.24706884,827007.3445222054,844.8093136857351,8125.834172074428,827265.5800701508,577.0929400978703,8132.98579215894,826315.846900872,760.162810586053,8898.41054660902,4,844.8093136857351,760.162810586053,577.0929400978703,827852.1538358912,827076.009711458,827842.6730102487,1048.6247586775737,0.045007413978564004,0.02,2.0942152550133404,1.6615974249023087e-4,2.0579009766144875e-4,867220377.0741787,866495255.5478818,867491169.2633249,44.973619778118355,0.25107051755087956,0.21741975796030283
0.00693530858552549,0.003961481499572983,0.0029852839461455005,7237882.75,8.803196661174297,8.68523769825697,8.68847943097353,8.691252753138542,0.11350123601732776,0.11323930881917477,0.11144928296562284,3983245.556923447,3929868.5479356144,3137.866169802234,51359.897958765294,3932589.4268640247,1350.8120472429541,50431.98849593934,3931334.567655742,1792.5201333299965,51241.92855780876,5,3137.866169802234,1792.5201333299965,1350.8120472429541,3933006.4141054167,3933127.087789072,3933940.238911268,1048.6247586775737,0.045007413978564004,0.02,2.0942152550133404,1.6615974249023087e-4,2.0579009766144875e-4,4120957457.7135706,4122494762.2888064,4123810638.7232656,44.973619778118355,0.25107051755087956,1.0341626035887206
0.004733432113425806,0.004413629678310826,0.008304592745844275,7237882.75,4.027552371844649,3.995437224395573,4.002966714091599,3.99668584484607,0.02938745659776032,0.022169284493429586,0.024522864376194775,1822582.1094058678,1808048.915841837,2141.925146230248,13298.87401217706,1808613.9153275928,3758.080485774173,11097.440175622323,1811456.240327266,1997.208084667398,10032.42677192448,6,2141.925146230248,1997.208084667398,3758.080485774173,1810190.8409880672,1813453.4484119334,1812371.995813367,799.2164761348232,0.045007413978564004,0.02,2.0942152550133404,1.6615974249023087e-4,2.0579009766144875e-4,1445022483.1985004,1447745673.066793,1445474040.0965242,44.973619778118355,0.3366854941781057,18.030067784605066
0.023236542867380194,0.018686419556615874,0.019816098603769206,7237882.75,14.426569074392319,13.518190324306488,13.533165127038956,13.433160036802292,0.8869728651770856,0.8765519014468737,0.975424793214188,6526321.212691154,6115265.563943218,10509.564315374555,401373.97988591506,6076785.951046711,8963.86542448523,441399.8327137076,6122036.430076368,8454.08047729837,396660.2780997289,7,10509.564315374555,8454.08047729837,8963.86542448523,6125775.128258593,6130490.510553666,6085749.816471196,672.8076629090139,0.045007413978564004,0.02,2.0942152550133404,1.6615974249023087e-4,2.0579009766144875e-4,4114397532.1446095,4118953022.7635236,4088508153.7220664,44.973619778118355,0.7555330249345901,104002.84030650993
0.383254910557298,1.1427277101902291,1.3824851281242445,7237882.75,14.77203020453453,12.075784213840961,11.300529915839434,11.01913882046938,2.3139721346087754,2.329765548580326,2.371402445016429,6682585.851461271,5462962.213844864,173339.82881296703,1046727.5032953465,4985016.90824675,625307.1947267982,1072712.2876457947,5112314.868679941,516850.2265071418,1053869.8398261622,8,173339.82881296703,516850.2265071418,625307.1947267982,5636302.042657831,5629165.095187083,5610324.102973549,559.4281509475678,0.045007413978564004,0.02,2.0942152550133404,1.6615974249023087e-4,2.0579009766144875e-4,3056134849.9876637,2859972854.047377,2788758791.4228406,44.973619778118355,0.9643213716687409,325426.23794610007
0.009378568109241314,0.010342913438307733,0.015698369994879613,7237882.75,7.577839776873589,7.553601320832968,7.5444124937057495,7.540395844727755,0.017321283887213212,0.02555022236242621,0.024213332982071734,3428925.898538754,3417957.433023123,4243.997012829677,7838.021130475925,3411981.297462777,7103.935333340407,10957.102711934323,3413798.796871487,4680.570213618932,11562.100510983932,9,4243.997012829677,4680.570213618932,7103.935333340407,3422201.430035953,3418479.367085106,3419085.232796117,527.9214200094449,0.045007413978564004,0.02,2.0942152550133404,1.6615974249023087e-4,2.0579009766144875e-4,1804412941.5734043,1802217508.4709299,1801258011.6022172,44.973619778118355,0.4840636132585967,36647.49998419005
0.013146864239388378,0.004606617279932834,0.005620938225547434,7237882.75,11.966022551059723,10.790854647755623,10.800538077950478,10.820342540740967,1.1648954320698977,1.163749954488594,1.1429359107278287,5413769.264801083,4882134.8737508245,5947.920435985837,526986.3136579066,4895477.942706417,2542.926411305254,517049.34481392335,4886517.394373346,2083.9902801083235,526466.6861145314,10,5947.920435985837,2083.9902801083235,2542.926411305254,4888082.79418681,4888601.384653455,4898020.869117723,524.5570155064263,0.045007413978564004,0.02,2.0942152550133404,1.6615974249023087e-4,2.0579009766144875e-4,2560958098.674576,2563256980.612721,2567957299.103618,44.973619778118355,0.365384773992404,79908.69463573187
0.019645432143306607,0.00594311104305234,0.007915654323710442,7237882.75,12.730015581473708,12.675465858541429,12.69569094479084,12.693163228221238,0.03697441975964466,0.03043950555365882,0.030990222006948898,5759354.721244918,5734672.889983708,8888.510282115107,16729.460512215457,5742680.18001024,3581.564117650438,14021.6069496156,5743823.523764481,2689.0719569762587,13772.77164364809,11,8888.510282115107,2689.0719569762587,3581.564117650438,5743561.400265823,5746512.595721457,5746261.74412789,529.2962598406144,0.045007413978564004,0.02,2.0942152550133404,1.6615974249023087e-4,2.0579009766144875e-4,3035340912.077744,3040184308.3130784,3039579140.7402463,44.973619778118355,0.45059538555050765,18965.886566480374
0.14503802536637522,0.20359941203787457,0.255644051489071,7237882.75,12.556533500552177,9.47448967397213,9.472558997571468,9.530449151992798,2.9386038314551115,2.882003938779235,2.772052589803934,5680500.729626546,4286047.399448391,65623.76988810046,1329552.4642426234,4311373.00561885,115672.09184089687,1254184.9858988062,4285171.196174035,92126.3267132915,1303940.052009554,12,65623.76988810046,92126.3267132915,115672.09184089687,4351671.169336491,4377297.522887327,4427045.0974597465,448.4153673587447,0.045007413978564004,0.02,2.0942152550133404,1.6615974249023087e-4,2.0579009766144875e-4,1921929519.1406426,1921536616.1274912,1933285910.1351516,44.973619778118355,0.28694755785191994,421454.4550594217
0.005159111218745238,8.758518342801835e-4,0.0018828641877917107,7240063.25,3.59946508705616,3.5645533427596092,3.568406715989113,3.5680554881691933,0.031605531521563535,0.032029826696089,0.03139634642047895,1628863.1683206079,1613067.634649431,2334.6524122988567,14299.35400777428,1614652.3087115476,852.1239077835021,14204.772125278814,1614811.267377392,396.38083880672826,14491.463352293897,13,2334.6524122988567,396.38083880672826,852.1239077835021,1615402.28706173,1615207.6482161987,1615504.4326193312,1021.6145985632635,0.045007413978564004,0.02,2.0942152550133404,1.6615974249023087e-4,2.0579009766144875e-4,1647933444.0277715,1649714764.6771889,1649552370.1835942,44.973619778118355,0.28110712206815647,10.230392523790377
0.003824592531145754,0.0035393580616300824,0.004833382630522465,7240063.25,16,15.650707304477692,15.645999312400818,15.641723692417145,0.3454619232797995,0.3504553099628538,0.35343683580867946,7240063.25,7082018.785021383,1730.731977394623,156310.93622226472,7077953.265329054,2187.0705355650616,159920.1583267684,7079887.911416559,1601.642833992539,158570.97142929447,14,1730.731977394623,1601.642833992539,2187.0705355650616,7083749.516998778,7081489.554250551,7080140.335864618,1012.4949730558518,0.045007413978564004,0.02,2.0942152550133404,1.6615974249023087e-4,2.0579009766144875e-4,7170508418.921262,7168350920.108159,7166392100.669918,44.973619778118355,0.27544439779991603,36.16820036547087
0.021114271041369648,0.0071028146958269645,0.017719308290907065,7240063.25,16,15.4130619764328,15.421750485897064,15.408551573753357,0.5658238022588193,0.5711466702632606,0.5737291815457866,7240063.25,6974476.528532641,9553.595906653825,256033.1480679174,6972434.30957008,8018.458580218519,259610.5106236478,6978407.961207584,3214.1674018399945,258441.1082000184,15,9553.595906653825,3214.1674018399945,8018.458580218519,6984030.124439294,6981622.1286094235,6980452.768150298,789.0316810760482,0.045007413978564004,0.02,2.0942152550133404,1.6615974249023087e-4,2.0579009766144875e-4,5503082939.933551,5506184964.866098,5501471564.472396,44.973619778118355,0.35775657775057995,158.56449457344598
0.015280395047739148,0.00950182707674685,0.05919170455672429,7240063.25,16,13.52995628118515,13.51304805278778,13.372254014015198,2.4547273125499487,2.4774139025248587,2.5685181505978107,7240063.25,6122250.421402628,6913.975517482221,1110882.5552697189,6050880.866205899,26785.505394957974,1162380.526448646,6114597.315427557,4299.707553017657,1121149.8358002892,16,6913.975517482221,4299.707553017657,26785.505394957974,6129164.39692011,6118897.0229805745,6077666.371600857,669.8962979729888,0.045007413978564004,0.02,2.0942152550133404,1.6615974249023087e-4,2.0579009766144875e-4,4101272892.561191,4096146105.2004957,4053462691.7469234,44.973619778118355,0.5925893524149598,8497.194212473934
0.04408908668119693,0.08705323522008257,0.14039368006342556,7240063.25,16,14.777787446975708,14.704124450683594,14.68854820728302,1.1781234443478752,1.2088223191094585,1.1710581886582077,7240063.25,6687055.940494332,19949.326940060622,533057.9726301639,6646675.889625769,63523.93014856061,529863.4646183274,6653725.046256848,39388.59514308008,546949.6108751446,17,19949.326940060622,39388.59514308008,63523.93014856061,6707005.267434393,6693113.641399927,6710199.81977433,553.0086852263948,0.045007413978564004,0.02,2.0942152550133404,1.6615974249023087e-4,2.0579009766144875e-4,3698000013.688124,3679567739.6884327,3675669494.8479247,44.973619778118355,0.7775418248642172,60978.657843231544
0.011145283877340262,0.011034271561584319,0.020269629827453173,7240063.25,16,15.878728091716766,15.875215530395508,15.868470907211304,0.1101266175537603,0.11375012053758837,0.11125945832463913,7240063.25,7185193.452413168,5042.880797766087,49826.91369110818,7180552.326021375,9171.070457588337,50339.85142779982,7183603.9400686305,4992.709074450317,51466.56578711374,18,5042.880797766087,4992.709074450317,9171.070457588337,7190236.333210934,7188596.649143081,7189723.396478963,508.34489381793946,0.045007413978564004,0.02,2.0942152550133404,1.6615974249023087e-4,2.0579009766144875e-4,3652556402.6283255,3651748382.1443195,3650197109.7254944,44.973619778118355,0.38303778875305555,50377.59478217316
0.5466613297103322,0.6447952549242473,0.7913400313846068,7240063.25,16,14.577305853366852,14.497657656669617,14.333006024360657,0.8760329797514714,0.8575470680370927,0.8756539179012179,7240063.25,6596428.851346124,247305.25044119387,396329.22189693345,6485907.560120631,357997.8998547132,396157.77810127253,6560398.3234897815,291698.97886114987,387965.93842740083,19,247305.25044119387,291698.97886114987,357997.8998547132,6843734.101787318,6852097.302350931,6843905.459975344,519.3112938027383,0.045007413978564004,0.02,2.0942152550133404,1.6615974249023087e-4,2.0579009766144875e-4,3425600001.2702665,3406888941.232794,3368205046.5312066,44.973619778118355,0.4163321829849886,236543.3613690462
0.47616136758733774,0.6947421132426825,0.8009882589431072,7240063.25,16,14.025281578302383,13.799571931362152,13.668532937765121,1.4985570590288262,1.5056859232136048,1.5304787941131508,7240063.25,6346686.913581203,215420.39391790857,677955.9447336223,6185279.827161125,362379.7711735249,692403.6475077332,6244576.615385316,314308.313656116,681178.3064052798,20,215420.39391790857,314308.313656116,362379.7711735249,6562107.307499112,6558884.929041432,6547659.59833465,497.24202002939245,0.045007413978564004,0.02,2.0942152550133404,1.6615974249023087e-4,2.0579009766144875e-4,3155839421.4032273,3105065890.462501,3075581035.704649,44.973619778118355,0.44987706926562365,166053.7116370259
0.1384290349087678,0.11317333337501623,0.21775230090133846,7240063.25,15.96275120973587,12.286442130804062,12.345053881406784,12.236119478940964,3.538015046156943,3.504658805206418,3.509012191556394,7223205.334513273,5559566.02542007,62643.76861605535,1601056.6397172958,5536804.762664495,98531.7254632279,1587928.9316536335,5586096.509457158,51210.952511630036,1585958.8849389798,21,62643.76861605535,51210.952511630036,98531.7254632279,5622209.794036125,5637307.461968788,5635336.488127723,406.64976313328634,0.045007413978564004,0.02,2.0942152550133404,1.6615974249023087e-4,2.0579009766144875e-4,2260796207.3609376,2271584822.410431,2251540345.2527685,44.973619778118355,0.5582929106072674,201174.76387597472
1.033149036258692,1.4172724981617648,1.5763097057351843,7240063.25,11.247177075594664,5.550219310447574,5.0924096796661615,4.946709490381181,4.665696972049773,4.739345922134817,4.726025898940861,5089068.908262608,2511180.019801412,467445.6453180646,2111297.8001720463,2238134.622930742,713183.2333392987,2138596.4566601487,2304055.0918010026,641228.0684513084,2144623.46131099,22,467445.6453180646,641228.0684513084,713183.2333392987,2978625.6651194766,2945283.1602523113,2951317.8562700404,371.43960681598344,0.045007413978564004,0.02,2.0942152550133404,1.6615974249023087e-4,2.0579009766144875e-4,932751719.1991899,855817317.380929,831331844.3426341,44.973619778118355,0.7911594419457043,606094.8324469234
1.4292400903068483,2.165593473626359,2.3477977180782545,7240063.25,6.065156347634911,3.6083496673963964,2.847661655201989,2.671754845843907,1.0338834858994232,1.0581910212495131,1.0520110758952796,2744026.688546367,1632480.364660753,646607.7802020101,467796.8620361018,1208751.1409762732,1062176.598537366,475998.1713135088,1288330.2579408875,979747.6602562636,478794.8301976749,23,646607.7802020101,979747.6602562636,1062176.598537366,2279088.144862763,2268077.9181971513,2270927.7395136394,337.8925020970598,0.045007413978564004,0.02,2.0942152550133404,1.6615974249023087e-4,2.0579009766144875e-4,551602875.0395423,435317134.382997,408427947.43714887,44.973619778118355,0.8353926318421413,428980.1592189949
0.03154587642711704,0.02314686420322687,0.03410251953152965,7229617,4.675505760591477,4.465241234516725,4.476064172922634,4.451704693376087,0.1812551110217555,0.17882863960403483,0.1922196530358633,2112156.0632323874,2017197.1001094242,14247.408333541487,81857.0379840996,2011092.156670584,15396.529777370208,86805.9284082337,2022089.6745584744,10449.901364619715,80760.8220941626,24,14247.408333541487,10449.901364619715,15396.529777370208,2031444.5084429658,2032539.575923094,2026488.6864479543,888.5887583147861,0.045007413978564004,0.02,2.0942152550133404,1.6615974249023087e-4,2.0579009766144875e-4,1792458666.4624205,1796806153.1170647,1787033882.3525195,44.973619778118355,0.4614437471219894,559.3356736755239
0.041812345031758014,0.03341056875012782,0.06689837120256925,7229617,16,15.519205451011658,15.5210862159729,15.460635900497437,0.4389821233926341,0.4455032064579427,0.4724657777696848,7229617,7012340.959005084,18897.25272394924,198378.75188907213,6985869.52144051,30235.674703547968,213511.82619417628,7013190.015058242,15099.902744691524,201327.07821058552,25,18897.25272394924,15099.902744691524,30235.674703547968,7031238.211729033,7028289.917802934,7016105.196144057,866.2094800389225,0.045007413978564004,0.02,2.0942152550133404,1.6615974249023087e-4,2.0579009766144875e-4,6074156215.955433,6074891676.357762,6051226405.78674,44.973619778118355,0.8274191210236832,3167.4715727259313
0.07024513483520423,0.08694617226683476,0.08118083945009857,7229617,16,15.167034685611725,15.142132997512817,15.11253446340561,0.7627201930445153,0.7709206950385123,0.8062846485991031,7229617,6853117.49442623,31745.54385782958,344753.96783357806,6828487.1334606875,36685.85576082633,364443.9888399211,6841864.998091726,39293.56378761113,348458.3770593301,26,31745.54385782958,39293.56378761113,36685.85576082633,6884863.03828406,6881158.561879337,6865172.989221514,706.0138265079448,0.045007413978564004,0.02,2.0942152550133404,1.6615974249023087e-4,2.0579009766144875e-4,4838395705.748402,4830451287.753511,4821006330.354847,44.973619778118355,0.5935161889284447,2079.340479842744
0.061015704235614976,0.04747614895586594,0.06614597422888835,7229617,16,15.050888180732727,14.98907083272934,14.915766716003418,0.8880961990507785,0.9634530359180644,1.0180873200879432,7229617,6801011.27044929,27555.68118339529,401050.08634452993,6739984.478309434,29872.381506470796,459760.14483992534,6773087.942040609,21441.406387775307,435087.65952580963,27,27555.68118339529,21441.406387775307,29872.381506470796,6828566.951632685,6794529.348428384,6769856.859815905,602.0578586365401,0.045007413978564004,0.02,2.0942152550133404,1.6615974249023087e-4,2.0579009766144875e-4,4094602282.049675,4077790822.7419395,4057860622.2544956,44.973619778118355,0.7535421383843275,4071.6232981374956
0.2962528430725797,0.4153592121001566,0.6494652949040756,7229617,16,14.255416810512543,13.946828484535217,13.67781513929367,1.448330262734089,1.6378123306203634,1.67271961690858,7229617,6441312.058202701,133863.22766518767,654441.6763147739,6180369.498372538,293433.5588127973,755813.9659196357,6301894.861919869,187669.82595560464,740052.324402156,28,133863.22766518767,187669.82595560464,293433.5588127973,6575175.2858678885,6489564.687875473,6473803.057185335,513.5025937447328,0.045007413978564004,0.02,2.0942152550133404,1.6615974249023087e-4,2.0579009766144875e-4,3307630449.0063105,3236039357.1024575,3173635767.7151318,44.973619778118355,0.9702635931590072,100494.74298955401
0.45322073868010193,0.5137817352078855,0.6338941222056746,7229617,16,13.409662783145905,13.312288880348206,13.248271942138672,2.137116476893425,2.173929510638118,2.11783386208117,7229617,6059007.607007269,204835.6283530141,965773.7640900331,5986116.353570612,286460.17902218533,957040.4341874844,6015036.606532158,232189.1093599575,982391.3411561828,29,204835.6283530141,232189.1093599575,286460.17902218533,6263843.2353602825,6247225.715892116,6272576.532592798,437.00614038643846,0.045007413978564004,0.02,2.0942152550133404,1.6615974249023087e-4,2.0579009766144875e-4,2647823528.910317,2628607931.7037587,2615969603.578034,44.973619778118355,0.6366691170826712,169968.26780351216
1.0638326851767488,1.4163069626083598,1.6866626992123201,7229617,16,12.738727360963821,12.284620583057404,12.009314239025116,2.1974392529809847,2.2990716282020003,2.304022487206794,7229617,5755457.235085114,480649.6864222857,993509.761874233,5425910.405710138,762008.1618069287,1041698.1729468836,5550320.736271614,639834.7860550177,1039461.1044298436,30,480649.6864222857,639834.7860550177,762008.1618069287,6236106.9215073995,6190155.5223266315,6187918.567517067,415.4231322616522,0.045007413978564004,0.02,2.0942152550133404,1.6615974249023087e-4,2.0579009766144875e-4,2390950072.1970463,2305731625.3187537,2254048696.111198,44.973619778118355,0.5399365828173073,314939.1833787021
0.86527150956681,2.0995521717704833,2.319638705230318,7229617,16,14.283264845609665,12.914798855781555,12.69302761554718,0.8514637065818533,0.9856489641242661,0.9873337287572213,7229617,6453679.323135243,391000.6160571652,384937.08871861437,5735215.196757123,1048023.9231448269,446377.9024695979,5835382.696337748,948615.7118835025,445618.58798420685,31,391000.6160571652,948615.7118835025,1048023.9231448269,6844679.939192408,6783998.40822125,6783239.11990195,403.75956046973084,0.045007413978564004,0.02,2.0942152550133404,1.6615974249023087e-4,2.0579009766144875e-4,2605734726.9216757,2356091552.6460023,2315647967.041977,44.973619778118355,1.0801021032142082,813186.2448420584
1.0798188622575253,2.6500179166323505,3.2465931810438633,7229617,16,14.322392642498016,12.733254343271255,12.062140226364136,0.5977884482272202,0.6167277025306248,0.6912665686322725,7229617,6471656.354303047,487766.34712619614,270194.27734510007,5450643.295715753,1466554.9830308636,312418.7104431952,5753828.456603682,1197041.0127222077,278747.5137201926,32,487766.34712619614,1197041.0127222077,1466554.9830308636,6959422.701429243,6950869.469325889,6917198.278746616,388.8060141116616,0.045007413978564004,0.02,2.0942152550133404,1.6615974249023087e-4,2.0579009766144875e-4,2516218911.816975,2237123108.0943313,2119242894.1516929,44.973619778118355,0.8649811246618584,991155.6055240477
3.326908841729164,5.464255772531033,5.545505546033382,7229617,16,11.867984354496002,9.713055193424225,9.609532564878464,0.8051047849003226,0.8226870057405904,0.8449593889527023,7229617,5362640.497354893,1503184.5172764792,363791.07273663377,4342313.917395786,2505504.298582405,381797.6538779406,4389071.508079789,2468807.4731701836,371737.1018395268,33,1503184.5172764792,2468807.4731701836,2505504.298582405,6865825.014631372,6857878.981249972,6847818.215978191,332.89096586013443,0.045007413978564004,0.02,2.0942152550133404,1.6615974249023087e-4,2.0579009766144875e-4,1785174574.725142,1461082253.5538776,1445517074.0297873,44.973619778118355,1.4055184743569502,1125650.4375771
5.429866891354322,7.811754494905472,8.035368546843529,7229617,15.977572917938232,10.05363130569458,7.546376928687096,7.2601397931575775,0.49421906244242564,0.6195859721628949,0.6822089978959411,7219492.659644991,4543026.649461515,2453165.483745503,223365.68701599046,3280700.1504868255,3630546.1151278988,308311.5900351742,3410124.6547008078,3529416.8746019173,280016.352512592,34,2453165.483745503,3529416.8746019173,3630546.1151278988,6996192.133207018,6939541.529302726,6911246.265614724,294.0940406385232,0.045007413978564004,0.02,2.0942152550133404,1.6615974249023087e-4,2.0579009766144875e-4,1336077064.0686288,1002897338.7820095,964834363.3800815,44.973619778118355,1.2928085492867214,1577402.735993008
0.4269467631311272,0.6078856293752324,0.6662338831811212,5422212.75,3.6598984114825726,1.6564321878831834,1.4161135964095592,1.3329177177511156,1.5796821370022371,1.6390579827711917,1.663927924237214,1654227.5071152668,748664.5779386199,192886.82036459201,714105.5589397876,602483.8575017293,300993.4347421814,752188.002618495,640072.6929280482,274635.77619683096,740946.7337409098,35,192886.82036459201,274635.77619683096,300993.4347421814,941551.3983032119,914708.4691248792,903477.2922439107,243.11907976802397,0.045007413978564004,0.02,2.0942152550133404,1.6615974249023087e-4,2.0579009766144875e-4,182014643.24335334,155613884.08930808,146475321.01090974,44.973619778118355,0.9876100262619687,274946.7588683899
0.0027458765601977575,0.0023699753094206244,0.003724839524664958,7206558.5,8.737800911068916,8.7133479565382,8.713236793875694,8.710684657096863,0.025075950828409077,0.025568592453851124,0.026758518426504452,3934193.864354939,3923174.130803784,1236.061624442752,11301.341546340776,3921973.556329548,1677.5003448743873,12059.69708808273,3923123.2391045117,1067.1156875141,11523.710971041848,36,1236.061624442752,1067.1156875141,1677.5003448743873,3924410.1924282266,3924190.354792026,3923651.056674422,957.00262231426575,0.045007413978564004,0.02,2.0942152550133404,1.6615974249023087e-4,2.0579009766144875e-4,3754487930.9747114,3754439227.485054,3753338978.054584,44.973619778118355,0.9266282694662277,22.54100349764627
0.04168612321882392,0.04506330942695058,0.04941649509510171,7206558.5,15.987891733646393,15.859488725662231,15.849121987819672,15.833697199821472,0.08699397600139491,0.09397965372772887,0.1050508618936874,7201096.7834304795,7143293.368100844,18756.87022184816,39171.533675991675,7131690.878095325,22228.959840250005,47300.008837103254,7138636.6847481355,20268.986087015655,42314.353622446804,37,18756.87022184816,20268.986087015655,22228.959840250005,7162050.238322693,7158905.670835151,7153919.837935575,887.5417143641914,0.045007413978564004,0.02,2.0942152550133404,1.6615974249023087e-4,2.0579009766144875e-4,6339970842.130583,6335837841.404469,6329673148.260191,44.973619778118355,0.8613074764241317,4583.010011709067
0.03210508707888948,0.03274686426834705,0.030589432393185234,7206558.5,16,15.829070270061493,15.822427034378052,15.816827118396759,0.13882469304371625,0.14482607453828678,0.15258350898511708,7206558.5,7129561.175435476,14462.980154403838,62534.36701922775,7124047.564972853,13781.180081558976,68729.7819045298,7126568.905318011,14752.75819795238,65236.82445721802,38,14462.980154403838,14752.75819795238,13781.180081558976,7144024.1555898795,7141321.663515963,7137828.745054413,748.8479870452726,0.045007413978564004,0.02,2.0942152550133404,1.6615974249023087e-4,2.0579009766144875e-4,5338957534.740984,5336716779.286824,5334828678.644697,44.973619778118355,1.3353235160421684,4167.837919511791
0.013355061572156046,0.013040592517768346,0.02085590118986147,7206558.5,16,15.811072826385498,15.816620469093323,15.805561363697052,0.17557214706903324,0.17033896083012223,0.17358281335327774,7206558.5,7121515.804657351,6010.417392504795,79032.2936521628,7119035.928961586,9385.082155257762,78137.5241593019,7124010.966534995,5869.456693932717,76678.08689761182,39,6010.417392504795,5869.456693932717,9385.082155257762,7127526.222049856,7129880.423228927,7128421.011116844,612.0785193897167,0.045007413978564004,0.02,2.0942152550133404,1.6615974249023087e-4,2.0579009766144875e-4,4358926849.525139,4360454084.512844,4357408970.881004,44.973619778118355,2.1735223615069956,6552.547542382066
0.03981037074117921,0.035769284069829155,0.07418883827631362,7206558.5,16,15.491630792617798,15.450986385345459,15.386802852153778,0.4685588193824515,0.5132444445043802,0.5390083986567333,7206558.5,6977527.0702716615,17928.898972501072,211102.52299631288,6930293.432617422,33392.67025352242,242872.43717869854,6959195.036158502,16104.077984819003,231259.4371361583,40,17928.898972501072,16104.077984819003,33392.67025352242,6995455.969244163,6975299.114143321,6963686.102870945,565.9146539982262,0.045007413978564004,0.02,2.0942152550133404,1.6615974249023087e-4,2.0579009766144875e-4,3948684817.7360444,3938310450.993812,3921954610.025868,44.973619778118355,2.2762637741186253,26906.021186063972
0.06479822308756411,0.10015881439903751,0.2109716555569321,7206558.5,16,15.348061740398407,15.317014515399933,15.186095654964447,0.5871399510651827,0.5828266618773341,0.6029327381402254,7206558.5,6912858.305121772,29185.502768867635,264514.65362811077,6839930.882552592,94994.45112957398,271633.1882099641,6898890.353521034,45091.98388921489,262576.1588679701,41,29185.502768867635,45091.98388921489,94994.45112957398,6942043.80789064,6943982.337410249,6934925.333682166,458.5265569170615,0.045007413978564004,0.02,2.0942152550133404,1.6615974249023087e-4,2.0579009766144875e-4,3169729117.1029997,3163324440.348329,3136289957.1275177,44.973619778118355,1.1690387719505213,80094.29626237553
0.024248494057246717,0.07972582781076198,0.15042884256217803,7206558.5,16,15.69015896320343,15.628214001655579,15.550972402095795,0.28559249607747006,0.2920602496014908,0.2985987135907635,7206558.5,7067029.928889988,10917.899717682852,128610.6503297858,7004403.075001793,67688.62727610428,134466.77892176778,7039155.958276907,35879.096121264316,131523.48123219187,42,10917.899717682852,35879.096121264316,67688.62727610428,7077947.828607671,7075035.054398172,7072091.702277897,412.65096720376846,0.045007413978564004,0.02,2.0942152550133404,1.6615974249023087e-4,2.0579009766144875e-4,2916216735.4144325,2904714514.4811354,2890373703.58454,44.973619778118355,0.9756885962213451,65192.08945494545
0.18457639339612797,0.6089639509445988,0.9545424208627082,7206558.5,16,15.663590908050537,15.230665385723114,14.879738509654999,0.1518319009355764,0.16036977838666644,0.1657183189454372,7206558.5,7054961.420061953,83162.78070686065,68433.93951148582,6702201.539933758,429667.5655363259,74689.05598036999,6860120.523971736,274157.4153670016,72280.16156188898,43,83162.78070686065,274157.4153670016,429667.5655363259,7138124.200768814,7134277.939338738,7131869.105470084,407.6864135089892,0.045007413978564004,0.02,2.0942152550133404,1.6615974249023087e-4,2.0579009766144875e-4,2876211918.789343,2796777932.657445,2732396508.430018,44.973619778118355,0.8118894609397684,284777.836904066
0.04939990041748388,0.9200924468459561,1.2073872764594853,7206558.5,16,15.716526448726654,14.830668210983276,14.530642032623291,0.23407367686741054,0.24923931137891486,0.2619707669946365,7206558.5,7078870.183032807,22234.47718304885,105453.85155193246,6545304.731984064,543244.4131700981,118009.3891517698,6680282.444028674,413996.1902260569,112279.85183791607,44,22234.47718304885,413996.1902260569,543244.4131700981,7101104.660215856,7094278.63425473,7088549.145154162,391.06275200122536,0.045007413978564004,0.02,2.0942152550133404,1.6615974249023087e-4,2.0579009766144875e-4,2768282454.8362274,2612409636.707325,2559624881.176331,44.973619778118355,1.41286996851325,543304.8055267186
1.8767500110698165,5.102725489879958,5.717107083532028,7206558.5,16,14.042462795972824,10.796522378921509,10.161855816841125,0.08078716172894929,0.10075219710415695,0.12103703862521797,7206558.5,6325817.573192132,844389.4036953663,36351.50907642201,4578034.390136624,2574056.481091863,54467.60130997095,4864035.53189769,2297185.4473985173,45337.550409671705,45,844389.4036953663,2297185.4473985173,2574056.481091863,7170206.976887498,7161220.979296207,7152090.871228486,371.13992651327163,0.045007413978564004,0.02,2.0942152550133404,1.6615974249023087e-4,2.0579009766144875e-4,2347763469.2508903,1805237789.8664508,1699091347.1305368,44.973619778118355,1.8881427110695888,1774118.3291288754
6.628132373094559,8.744298040866852,8.67559763789177,7206558.5,12.77635794878006,5.756042063236237,3.6270690113306046,3.6346895545721054,0.3937226702691987,0.4065299753565341,0.4676098732743412,5755570.576026456,2593512.942882999,2985330.8956257347,177419.79234422743,1637779.7883366118,3907754.71387018,210729.11015077675,1634341.1686312887,3938717.9883527122,183204.43822631572,46,2985330.8956257347,3938717.9883527122,3907754.71387018,5578843.838508734,5573059.156984001,5545534.502206791,295.257122659572,0.045007413978564004,0.02,2.0942152550133404,1.6615974249023087e-4,2.0579009766144875e-4,765753169.0959932,482550870.8941568,483566147.85427076,44.973619778118355,2.047472252162538,3059758.709028755
1.2597595881670713,2.012879805639386,2.291098453104496,7206558.5,4.301006004214287,3.0264240875840187,2.2784303836524487,1.989819459617138,0.01687723444774747,0.01175091345794499,0.022142814588733017,1939536.1264401725,1364740.9794577025,568109.8535629639,7611.629849156343,897273.3056196736,1033201.8509589641,9987.223782717436,1027426.2861150494,907736.3817276976,5299.881886017789,47,568109.8535629639,907736.3817276976,1033201.8509589641,1932850.8330206664,1935162.667842747,1930475.1565786377,265.90006526703087,0.045007413978564004,0.02,2.0942152550133404,1.6615974249023087e-4,2.0579009766144875e-4,362884715.51039475,273192716.53505474,238585030.52663574,44.973619778118355,2.047299700675996,994587.0132245235
0.2486107627482852,0.3966668682405725,0.5149795595352771,7170918.875,12.924209579825401,12.635638892650604,12.482341080904007,12.35956335067749,0.04203970285743708,0.0472855307334612,0.05175130849636389,5793798.179342395,5664385.031865995,111491.83252947214,18853.520705452083,5540601.913037363,230923.08910011404,23207.56084775155,5595631.035864269,177897.46845289954,21203.72720444521,48,111491.83252947214,177897.46845289954,230923.08910011404,5775876.864395468,5773528.504317169,5771525.0021374775,929.4905179161967,0.045007413978564004,0.02,2.0942152550133404,1.6615974249023087e-4,2.0579009766144875e-4,5264992176.945876,5201085989.593424,5149936941.716569,44.973619778118355,1.2159044507181047,120384.24396594675
0.19639664344140328,0.3982799033728952,0.5292211295903826,7170918.875,16,15.742602050304413,15.529082775115967,15.389839768409729,0.061001283726909605,0.07263723455253057,0.08093906190697453,7170918.875,7055597.9663620535,87975.40961074908,27345.48883859849,6897605.964891696,237030.25479343388,36282.637349979064,6959956.029402133,178402.5493263117,32560.257353925994,49,87975.40961074908,178402.5493263117,237030.25479343388,7143573.375972803,7138358.578728445,7134636.21968513,852.3148138548246,0.045007413978564004,0.02,2.0942152550133404,1.6615974249023087e-4,2.0579009766144875e-4,6013590667.3343525,5932073627.637643,5878931744.010594,44.973619778118355,0.8484468438378956,145912.2484803326
0.2720705218052899,0.6747318547895702,0.8579255391887273,7170918.875,16,15.647728443145752,15.240854978561401,15.05145788192749,0.08020108625350986,0.08441303770814557,0.09061669168295339,7170918.875,7013303.026524371,121686.8627432229,35929.00874767367,6746602.641742047,383720.6725936014,40595.61120987745,6831328.227471992,301773.91246995877,37816.67724171768,50,121686.8627432229,301773.91246995877,383720.6725936014,7134989.889267594,7133102.139941951,7130323.314335648,719.5503415402864,0.045007413978564004,0.02,2.0942152550133404,1.6615974249023087e-4,2.0579009766144875e-4,5046424588.061134,4915484559.251271,4854520235.102088,44.973619778118355,1.2898704237057121,179108.14982841167
0.058974420880986145,0.17957412276746254,0.31732503869579887,7170918.875,16,15.532782435417175,15.421985507011414,15.262196242809296,0.4082431600181735,0.3984402976348065,0.42047881757025607,7170918.875,6961627.799005685,26425.679486589455,182865.40378531025,6840588.840668699,142002.6034327703,188327.47528815796,6912071.212109512,80383.51771300191,178464.11264249077,51,26425.679486589455,80383.51771300191,142002.6034327703,6988053.478492275,6992454.729822514,6982591.444101469,573.2185790828869,0.045007413978564004,0.02,2.0942152550133404,1.6615974249023087e-4,2.0579009766144875e-4,3990534395.0499644,3962127638.725142,3921152615.338364,44.973619778118355,1.384050018596448,195188.08815418588
0.4683753169665579,1.1828211341926362,1.436201304430142,7170918.875,16,14.609750628471375,13.900034666061401,13.622253179550171,0.9218739755451679,0.9171440824866295,0.9415454883128405,7170918.875,6548343.430362573,209590.15461643523,412985.254619668,6106573.2583892085,642573.0423107159,421772.56188766484,6230870.493650027,529201.4688730247,410846.8598619885,52,209590.15461643523,529201.4688730247,642573.0423107159,6757933.584979008,6760071.962523052,6749146.300699924,525.6203825905841,0.045007413978564004,0.02,2.0942152550133404,1.6615974249023087e-4,2.0579009766144875e-4,3441942779.2017136,3275072532.7447085,3209739372.3919654,44.973619778118355,1.4483497266930825,441227.9065757712
0.10950103721552296,0.6045040907847579,0.9428942075101077,7170918.875,16,15.193231701850891,14.69304496049881,14.357719421386719,0.6972671537369024,0.702450975892134,0.6993864789255895,7170918.875,6809506.229030527,49139.30876198355,312273.2891008514,6434980.319670184,422712.32938820776,313226.2742197575,6585323.779189542,271003.5651337932,314591.5429059876,53,49139.30876198355,271003.5651337932,422712.32938820776,6858645.53779251,6856327.344323335,6857692.649058391,452.3721432816899,0.045007413978564004,0.02,2.0942152550133404,1.6615974249023087e-4,2.0579009766144875e-4,3080430927.516557,2979017032.195851,2911005839.184695,44.973619778118355,1.332433094987503,151657.9186452984
0.02215723470726516,0.20318261696957052,0.3201682957151206,7170918.875,16,15.470318675041199,15.319141745567322,15.1906156539917,0.5075241406448185,0.47767565364483744,0.489216003799811,7170918.875,6933334.616279211,9932.75273329072,227651.5285671207,6808161.692301484,143328.89572640735,219428.26619881912,6865753.662729142,90909.02872476743,214256.19070341272,54,9932.75273329072,90909.02872476743,143328.89572640735,6943267.369012502,6956662.6914539095,6951490.588027891,407.7030950599109,0.045007413978564004,0.02,2.0942152550133404,1.6615974249023087e-4,2.0579009766144875e-4,2826741982.143054,2799189018.2135906,2775708593.6196356,44.973619778118355,1.4350983646176583,341482.21988679835
0.23982716287719086,1.2349706627428532,1.730464204098098,7170918.875,16,15.27002066373825,14.236556828022003,13.720666885375977,0.4901505197631195,0.528470525983721,0.5488685414893553,7170918.875,6843975.210612005,107556.42681476285,219386.49825760326,6149312.403087279,775932.8880314889,245673.41901762132,6380632.354800759,553752.7945644306,236532.8387637487,55,107556.42681476285,553752.7945644306,775932.8880314889,6951531.6374267675,6934385.1493651895,6925245.291118768,391.79396284812566,0.045007413978564004,0.02,2.0942152550133404,1.6615974249023087e-4,2.0579009766144875e-4,2681428169.4000125,2499893235.764357,2409263475.196696,44.973619778118355,1.3294602355373544,394698.9333270334
0.03090350588900037,0.1911417343071662,0.2518158936291002,7170918.875,16,15.795358180999756,15.605630159378052,15.523907542228699,0.17373827182746027,0.20322804857278243,0.2242765404516831,7170918.875,7079177.713642657,13862.685895354174,77878.45700725571,6957401.937223949,112998.60999727668,100518.31710907754,6994050.397697555,85782.89027806475,91085.56113572621,56,13862.685895354174,85782.89027806475,112998.60999727668,7093040.399538011,7079833.28797562,7070400.547221225,389.95810433424964,0.045007413978564004,0.02,2.0942152550133404,1.6615974249023087e-4,2.0579009766144875e-4,2760582721.457358,2727386634.7043433,2713095270.531287,44.973619778118355,1.541842227637426,650597.4647327693
3.292397236218676,6.016218708246015,6.303421451244503,7170918.875,14.635149240493774,10.637603491544724,7.9053781777620316,7.572036609053612,0.7064329955610447,0.7148369385395199,0.7609758081380278,6559744.437925834,4767536.189572956,1476256.0680452762,316527.59639150643,3394519.1985671027,2824844.17491085,340956.5456159746,3543741.383311967,2696302.6593893636,320275.85660425166,57,1476256.0680452762,2696302.6593893636,2824844.17491085,6243792.257618233,6240044.04270133,6219363.373477953,349.1496586387114,0.045007413978564004,0.02,2.0942152550133404,1.6615974249023087e-4,2.0579009766144875e-4,1664583633.1371007,1237296094.287248,1185195219.422256,44.973619778118355,2.0607716351455547,2511694.028800645
3.799628249500529,4.1285001070355065,4.02452227853064,7170918.875,5.451827140233945,1.4183322565179424,1.1375361961372619,1.219158320826864,0.23526083971523803,0.18718498889438706,0.20954073892789893,2445745.3479249333,636225.9112602692,1704714.312925689,105430.0271841164,546960.3275144424,1805485.450413916,93924.47013000006,510347.24449369113,1852116.5713540884,83906.41149226273,58,1704714.312925689,1852116.5713540884,1805485.450413916,2340940.224185958,2362463.8158477796,2352445.7779283584,292.8274368141181,0.045007413978564004,0.02,2.0942152550133404,1.6615974249023087e-4,2.0579009766144875e-4,186304402.82907113,149443675.49023566,160164990.7450647,44.973619778118355,2.3329324489704133,2156268.032312903
0.0035201974387746304,0.0036537284031510353,0.004332247062848182,7122746.75,1.707598996697925,1.703326402232051,1.70269806496799,1.7021119873970747,0.0018317036738153547,0.002332839481823612,0.002239209872641368,762165.5262858378,760258.3419406858,1571.443971158591,817.5004412473772,759716.1901900411,1933.9894224766556,999.4019541630614,759977.8920463935,1631.054439820019,1041.165825125785,59,1571.443971158591,1631.054439820019,1933.9894224766556,761829.7859118443,761608.9464862135,761650.1796125177,837.5594680123876,0.045007413978564004,0.02,2.0942152550133404,1.6615974249023087e-4,2.0579009766144875e-4,636761572.4278206,636526678.9635531,636307488.0959687,44.973619778118355,1.0260438305498099,11661.739971588377
0.0804327890591594,0.12382656750560272,0.1853528933470443,7122746.75,8.124649845063686,8.03581240773201,7.98647578805685,7.926888510584831,0.010929580320862442,0.01686143208280555,0.014917530548700597,3621796.944064422,3582253.830976559,35793.69456483482,4874.410321333115,3533786.846013113,82476.5008257816,6651.566739445545,3560301.3246516627,55097.54783034051,7518.185145867982,60,35793.69456483482,55097.54783034051,82476.5008257816,3618047.5255413936,3615398.872482003,3616263.3468388943,774.991573213752,0.045007413978564004,0.02,2.0942152550133404,1.6615974249023087e-4,2.0579009766144875e-4,2776216532.119513,2759203524.706797,2738655027.193765,44.973619778118355,1.9163982905559849,193731.3969109813
1.5980875007808208,2.8924183836206794,3.238576013594866,7122746.75,9.128823106177151,7.503820412792265,6.197873623576015,5.839129685424268,0.029034864318873588,0.04061886484942079,0.053222321959765395,4069776.3035441036,3345571.4434809806,712208.4651516337,12939.71221102014,2603390.8647636445,1443602.7157079973,23719.49897864077,2763310.9137021517,1289292.7200369383,18101.792338293453,61,712208.4651516337,1289292.7200369383,1443602.7157079973,4057779.908632614,4052603.63373909,4046993.580471642,635.834566469378,0.045007413978564004,0.02,2.0942152550133404,1.6615974249023087e-4,2.0579009766144875e-4,2127229968.3580606,1757008596.8339086,1655325901.847331,44.973619778118355,2.1754062343187157,1056602.0750861752
0.4905912014073692,1.5763312745839357,2.1721288022818044,7122746.75,8.849015947431326,8.20643393881619,7.095542378723621,6.499191574752331,0.15444661671062931,0.17961955713690259,0.18019220003043301,3941851.474404919,3655562.9337787437,218649.0460116301,68733.7862491092,2894087.4047990167,968643.7866233933,80232.78836367594,3160152.193165326,702873.1720778946,79929.97042391225,62,218649.0460116301,702873.1720778946,968643.7866233933,3874211.9797903737,3863025.3652432207,3862731.19142241,473.1295580947985,0.045007413978564004,0.02,2.0942152550133404,1.6615974249023087e-4,2.0579009766144875e-4,1729554875.4464622,1495161410.664619,1369278294.920281,44.973619778118355,1.7881622495008196,339467.53389485466
3.870322587667033,6.908517461735755,7.630771536380053,7122746.75,16,11.720421597361565,8.611851200461388,7.86715005338192,0.40925589471589774,0.47963120543863624,0.5020784193184227,7122746.75,5218033.080098486,1722918.8663292476,181794.83913618384,3500772.8219386553,3398858.5621535047,223115.36993578175,3832925.271306917,3076739.074359874,213082.34539394555,63,1722918.8663292476,3076739.074359874,3398858.5621535047,6940951.946427733,6909664.34566679,6899631.38409216,506.7950423536217,0.045007413978564004,0.02,2.0942152550133404,1.6615974249023087e-4,2.0579009766144875e-4,2644473295.831111,1942507525.2102556,1774174310.5648084,44.973619778118355,1.911956195619111,2579682.9078779863
1.6320286398986354,2.6108995464164764,2.7573915983666666,7122746.75,16,14.26533728837967,13.264730170369148,13.119986057281494,0.10263407486490905,0.12437036877963692,0.12262241798453033,7122746.75,6352068.863036048,725054.5327204041,45623.35560013098,5842089.967623085,1226145.4334957227,54511.38174848839,5906688.815035256,1160774.9618232537,55283.01109887885,64,725054.5327204041,1160774.9618232537,1226145.4334957227,7077123.395756451,7067463.7768585095,7068235.4011188075,488.9570519512141,0.045007413978564004,0.02,2.0942152550133404,1.6615974249023087e-4,2.0579009766144875e-4,3105888865.0612063,2888117149.7928486,2856531087.8027472,44.973619778118355,1.4517857151773768,1097761.871562668
2.1897277999669313,5.5085601806640625,5.933557257056236,7122746.75,16,13.619301855564117,10.267007052898407,9.823887318372726,0.19097026926465333,0.22443279181607068,0.242555258795619,7122746.75,6064082.177332055,973637.339575822,85027.19962531322,4373858.573756646,2640896.539930064,107991.5624960112,4571368.596092563,2451446.307548035,99931.85772573526,65,973637.339575822,2451446.307548035,2640896.539930064,7037719.516907876,7022814.903640598,7014755.113686711,416.848903975881,0.045007413978564004,0.02,2.0942152550133404,1.6615974249023087e-4,2.0579009766144875e-4,2527806009.240541,1905569988.9509468,1823238152.6159682,44.973619778118355,1.6939285362665468,1738208.118265119
3.6122281588613987,6.9658065885305405,7.21205747127533,7122746.75,16,12.13480469584465,8.731165617704391,8.453481167554855,0.25296710862312466,0.3030277509242296,0.3344612300861627,7122746.75,5401491.6743128095,1608539.0345136197,112716.02484062508,3763035.9488949943,3210661.266963465,149049.47577758553,3886620.5990371667,3101077.192971574,135048.93893389983,66,1608539.0345136197,3101077.192971574,3210661.266963465,7010030.708826429,6987697.792008741,6973697.2158584595,348.7692580791282,0.045007413978564004,0.02,2.0942152550133404,1.6615974249023087e-4,2.0579009766144875e-4,1883874243.7706664,1355533782.7612493,1312431256.0211952,44.973619778118355,1.9467900717679507,2013221.4268631293
1.6252442365512252,3.0157430639956146,3.2959758939687163,7122746.75,16,13.989425420761108,12.611481189727783,12.333735704421997,0.3853303683572449,0.37277589610312134,0.37028839415870607,7122746.75,6228074.329798572,723009.3468618066,171663.08495961037,5491148.229787294,1466631.4985449116,164967.0183544058,5614790.170251861,1341879.2644152748,166077.38191018126,67,723009.3468618066,1341879.2644152748,1466631.4985449116,6951083.676660378,6956669.4346671365,6957779.728332206,327.917721949027,0.045007413978564004,0.02,2.0942152550133404,1.6615974249023087e-4,2.0579009766144875e-4,2042295946.3567607,1841189201.8507798,1800644818.3962817,44.973619778118355,2.191695100589057,1320377.6089087331
1.9808444250375032,4.360744126141071,4.4713392071425915,7122746.75,8.300772473216057,6.111040771007538,3.799395501613617,3.6622854247689247,0.21056078909896314,0.14230637054424733,0.16882133367471397,3698473.2622913513,2723278.3519981587,882249.3097016707,93691.11452321967,1631934.2571087787,1992156.5007526078,75128.00968028604,1693104.379820332,1942780.129404056,63334.272917035414,68,882249.3097016707,1942780.129404056,1992156.5007526078,3605527.6616998296,3635884.509224388,3624090.7578613865,278.08497745957436,0.045007413978564004,0.02,2.0942152550133404,1.6615974249023087e-4,2.0579009766144875e-4,757302799.1315548,470826893.29904366,453816401.10360193,44.973619778118355,1.9649515314001467,1610266.538952441
0.022487309062853456,0.07132898550480604,0.08119624853134155,7062108.125,1.0378101989626884,0.9486068114638329,0.8910334631800652,0.9051462560892105,0.06762627116404474,0.07635693671181798,0.052383804228156805,459599.14026561123,420097.53846887243,9954.636407665217,29949.940085409507,400851.83606180036,35954.02398489008,23198.876355638917,394605.77989391633,31579.510649867443,33816.37870447476,69,9954.636407665217,31579.510649867443,35954.02398489008,430052.17487653764,426185.2905437838,436805.86004669045,413.08667736149783,0.045007413978564004,0.02,2.0942152550133404,1.6615974249023087e-4,2.0579009766144875e-4,173536696.33385053,163006390.48402044,165586553.07302496,44.973619778118355,1.6118145362967222,35352.87112569569
0.8727830118732527,2.143111509303239,2.267592320800759,7062108.125,7.305452612461522,5.5664067544275895,4.268221257269033,4.171369989257073,0.8682988816435682,0.8961625683296006,0.8685349244442477,3231824.8887099503,2462813.670405883,386461.1770806436,383448.8253887336,1845134.3267129557,1003991.5361933919,383601.59796891053,1887994.8992609498,948914.3042914083,395817.41850529204,70,386461.1770806436,948914.3042914083,1003991.5361933919,2849274.8474865267,2836909.203552358,2849125.8629063475,418.88808161720647,0.045007413978564004,0.02,2.0942152550133404,1.6615974249023087e-4,2.0579009766144875e-4,1031643293.7769514,790858561.4544902,772904778.442846,44.973619778118355,2.1724616316409056,794017.6517858234
2.485168806728325,3.940656719074468,3.9782014179072576,7062108.125,10.930056653916836,7.456052790861577,6.054747115354985,5.987938727717847,0.9907938761170954,0.9366295409272425,0.9658755476702936,4827044.912563446,3293148.923866393,1097675.742794386,437084.8372141691,2644795.622387976,1756907.8836895067,426206.0947659714,2674280.567285775,1740324.5878635081,413312.2225384705,71,1097675.742794386,1740324.5878635081,1756907.8836895067,4390824.666660779,4414605.155149283,4401703.506077482,449.99672026503384,0.045007413978564004,0.02,2.0942152550133404,1.6615974249023087e-4,2.0579009766144875e-4,1481906215.0842025,1203417484.347113,1190149355.845908,44.973619778118355,2.3225435470181246,1433948.9965394123
0.4061783601064235,1.3612883007153869,1.498901940882206,7062108.125,5.988154880702496,5.541623048484325,4.587217442691326,4.448528535664082,0.04173688840819523,0.041032690554857254,0.042107852234039456,2648076.22884705,2450615.7604961228,179625.17735969834,18446.559117889195,1967286.8359516177,662782.7461972998,18617.92885514733,2028577.7532622034,601970.201876408,18139.60237754869,72,179625.17735969834,601970.201876408,662782.7461972998,2630240.937855821,2630547.9551386116,2630069.5821489175,440.46871944770476,0.045007413978564004,0.02,2.0942152550133404,1.6615974249023087e-4,2.0579009766144875e-4,1079419585.8840904,893525045.2795048,866528313.4179358,44.973619778118355,2.434839661994768,620217.999290973
1.212718409486115,3.9500258453190327,4.3933328203856945,7062108.125,9.476484794169664,8.17513793706894,5.45477688498795,5.001716151833534,0.09051634729257785,0.07356997579336166,0.08332385204266757,4188417.57149243,3613343.6721501597,535953.460301569,39951.857631961306,2210285.9647180038,1942158.6855006733,36804.39754313298,2410560.2899046545,1746201.0987261825,32487.606795872693,73,535953.460301569,1746201.0987261825,1942158.6855006733,4149297.132451729,4156761.388630837,4152444.650218677,392.1135051551881,0.045007413978564004,0.02,2.0942152550133404,1.6615974249023087e-4,2.0579009766144875e-4,1416840852.6171181,945213244.6624206,866682977.0208929,44.973619778118355,3.0348323983140655,411292.8598736324
1.0421114068012685,2.5353775887051597,2.8628108591074124,7062108.125,11.741408366709948,10.183347932994366,8.681059312075377,8.343256063759327,0.5021617737365887,0.5155614838004112,0.5263591047842056,5188651.869097766,4500483.450044869,460144.9135258422,221961.05769569316,3688077.1028630035,1263981.6227259333,232643.852869078,3837189.2351441067,1119443.8041127296,227881.46564255955,74,460144.9135258422,1119443.8041127296,1263981.6227259333,4960628.363570712,4956633.039256836,4952058.725588936,330.1984319108354,0.045007413978564004,0.02,2.0942152550133404,1.6615974249023087e-4,2.0579009766144875e-4,1486052578.0454824,1267033868.3897219,1217797276.1316204,44.973619778118355,2.627638023229432,899935.5135692004
0.5338982818648219,1.1357825100421906,1.136436752974987,7062108.125,2.3178962878882885,1.671313390135765,1.0808894876390696,1.0640193540602922,0.11339990235865116,0.10193955432623625,0.11815545754507184,1025516.0341536466,739474.5418332145,236204.10142137198,50153.14651772613,470781.3552171561,502778.80999226007,52271.6202158423,478239.90009492903,502502.48942540516,45089.39032958547,75,236204.10142137198,502502.48942540516,502778.80999226007,975678.6432545865,980742.3895203342,973560.1652094162,245.95747597960434,0.045007413978564004,0.02,2.0942152550133404,1.6615974249023087e-4,2.0579009766144875e-4,181879291.86047179,117626678.74008688,115792193.86746925,44.973619778118355,1.4646121821353122,503079.0475027628
0.9688687361776829,2.1932416930794716,1.9684061333537102,6989087,4.940278381109238,2.4824620187282562,1.6696120332926512,1.6379095651209354,1.4906267523765564,1.0790605694055557,1.335596028715372,2159593.1252544476,1085805.321574533,423825.9999550544,650695.6433390896,716469.9033359126,860690.5049079219,583146.6038722268,730386.9099307864,958809.5401529511,471111.66938292794,76,423825.9999550544,958809.5401529511,860690.5049079219,1509631.3215295873,1689196.4500837375,1577160.4082438345,318.1991322214296,0.045007413978564004,0.02,2.0942152550133404,1.6615974249023087e-4,2.0579009766144875e-4,345502311.0864267,232408480.92586768,227980101.50425893,44.973619778118355,2.643647771490378,948633.6684194832
4.2340383268892765,5.553128308616579,4.9207439087331295,6989087,8.246499981731176,3.080603614449501,2.1427994146943092,2.3527788687497377,0.9310190542018972,0.5497554553730879,0.9721331282344181,3602675.0961716576,1346280.7820555812,1849143.1447338127,406880.8128196257,1028225.5994682412,2149764.6691846712,424312.2572350538,936686.8765719386,2425458.0884777857,240169.42287544545,77,1849143.1447338127,2425458.0884777857,2149764.6691846712,3195423.9267893936,3362144.965049724,3177990.268652912,326.0070918322494,0.045007413978564004,0.02,2.0942152550133404,1.6615974249023087e-4,2.0579009766144875e-4,438897082.5475863,305366564.58865076,335208837.43011254,44.973619778118355,2.3131522899070225,2655281.780677645
0.1586992610245943,0.3739253357052803,0.3635859712958336,6989087,0.6949597895145416,0.3061155527830124,0.2522929422557354,0.25297995284199715,0.23038992658257484,0.06898646801710129,0.07863881252706051,304669.4765255023,134184.87419737782,69576.34794610238,101015.40746924817,110900.35003621154,159391.58816178655,34484.689776202315,110599.95024064067,163923.3852548157,30253.2965617734,78,69576.34794610238,163923.3852548157,159391.58816178655,203761.2221434802,274523.33549545635,270291.9381979981,368.4282559718196,0.045007413978564004,0.02,2.0942152550133404,1.6615974249023087e-4,2.0579009766144875e-4,49437499.17833793,40748146.77772927,40858822.55050574,44.973619778118355,2.3910354816715707,209303.2591932627
