gamma_fit,theta_fit
603.4264960533334,0.21176510463
583.3903265733334,0.3285248438
519.49154637,0.32918428504333336
644.244114165,0.28693709092499997
603.2252357166667,0.28693709092499997
462.3432119016666,0.2651916809216667
437.43134197166665,0.19271041481150003
412.0177396366667,0.29107178883333334
427.0357532483333,0.27779102864166666
456.01273310500005,0.08383176108666666
446.83434577666674,0.08383176108666666
656.21745515,0.28693709092499997
571.8354565183333,0.312912708025
565.92863115,0.3982974990116666
592.415420345,0.28693709092499997
530.8616245666666,0.28693709092499997
358.1375538833334,0.28693709092499997
337.69671995833335,0.26602953557000003
337.9345334816667,0.25933422872666667
342.33993803333334,0.26777312228666666
442.83546608666666,0.08383176108666666
427.45771613333335,0.08883736268299999
728.0573101666668,0.5576729225166667
636.1690793866667,0.5594623103633333
597.4230971016666,0.477897540325
588.767295635,0.4495527923416666
463.7251549533334,0.5167204498716667
436.2124075566667,0.6816075202066666
434.54601515666667,0.7064440760933334
464.03135029,0.6906197842266667
778.468649545,0.08383176108666666
633.961884505,0.08383176108666666
609.2175897,0.09854897612916666
734.7868940866667,0.5969990580716666
678.9359670216667,0.6838143291866666
583.3953068433333,0.7008730447633332
560.8194706416666,0.6992233514333334
458.43530777499996,0.7092582396783333
434.64986681166664,0.6463644652183334
446.195831025,0.5286228923616666
439.6400321133334,0.6906197842266667
660.5926807650001,0.672985855255
667.0014794733333,0.38895986021666656
770.0981894600001,0.3737950344266666
752.2837509949999,0.45595868341333334
753.467712035,0.31638431314
743.2289910966667,0.08767114750616668
752.65092908,0.10532203211716668
587.1259629766666,0.11285925766383334
565.5437125566666,0.11306846650200002
520.614012415,0.253628785441
510.7441721633333,0.253628785441
509.0210760483333,0.253628785441
501.588183755,0.253628785441
496.3304267116667,0.253628785441
609.1293125483334,0.37492017004666667
584.9292608383333,0.4017714464466667
555.917539315,0.596011505955
553.4051314766667,0.8808439189416667
456.44286675833337,1.024655260765
438.78439993,0.9403928300900001
454.016892545,0.7546324513466668
471.0147759233333,1.070758642405
628.9476456633333,0.70203946097
640.3920441966667,0.70203946097
614.2304950266666,0.70203946097
623.1464684766667,0.68679237873
655.0081284466667,0.4627721250216667
661.0550018783333,0.37081977409333333
738.080273475,0.44279748367500005
745.3126378200002,0.45595868341333334
744.2693181100001,0.37254442612500005
724.1225899199999,0.32950025897883334
589.6471194683334,0.16957739994266668
568.017761,0.11546059732566667
537.26095766,0.10121345324016666
539.112394695,0.09094966405183334
536.9151447083333,0.253628785441
536.9327492183334,0.253628785441
520.5654735966666,0.253628785441
513.724891175,0.253628785441
503.2748426633333,0.253628785441
486.3640557416667,0.253628785441
570.066099935,0.3576046161965
538.3450998066667,0.3730016895416666
576.39930394,0.37492017004666667
556.3349333483333,0.37492017004666667
535.203104115,0.5884194513633333
551.4101663,1.26979333122
440.84109858499994,1.26979333122
433.53293048,1.234049620555
448.0397828683333,1.19573478824
465.24227236333337,1.0212094846350002
631.5779077633333,0.8951289808716667
643.480693405,0.70203946097
663.3373805966668,0.70203946097
623.4682521583334,0.70203946097
600.4485682349999,0.70203946097
614.1169801533334,0.7019822638100001
629.9154813283334,0.6337074225916667
642.6085113,0.34764215844833335
721.74071004,0.348371523305
719.095495195,0.39942050713500005
723.7387651783333,0.46700392975166666
693.4991242216666,0.4506153406463333
559.73156512,0.2346700283958333
544.36817839,0.2503647236121667
514.6981824933333,0.2234271374795
514.4823970750001,0.16810043383916667
551.8078582200001,0.253628785441
550.13525096,0.253628785441
508.68575451999993,0.253628785441
501.03701104833334,0.253628785441
484.4357388283332,0.253628785441
466.76595990333334,0.253628785441
507.99203058666666,0.27019655970333334
616.5830519716667,0.3576046161965
557.6859112666667,0.3576046161965
499.62528877,0.36054982034866667
498.03889695833334,0.3725580206766667
485.61548690000006,0.37492017004666667
451.5566850216667,0.4279960777166667
448.03053281,1.2673788847033334
440.57079161,0.9020243528466667
531.08419194,0.4829906040533333
541.89617786,0.5586101578166668
552.6907555233333,0.8963204641433334
570.39165446,0.8832521792266667
651.609040455,0.70203946097
674.98406665,0.70203946097
662.2087235316667,0.70203946097
603.4622031566666,0.70203946097
625.9499885683333,0.689616087005
644.84573711,0.7051602334683333
671.9478255816667,0.48308417074666665
665.73267201,0.3427215760616667
668.4945396066666,0.34445077962666665
658.8616285816667,0.43046774776333335
676.5167857833333,0.4486966273021667
641.1367873133335,0.35060951170383337
611.47656488,0.2617643740336667
591.6532085933334,0.25148675469666665
451.2696918683333,0.2327054671605
555.0970676766667,0.25985697703416666
558.6069187033333,0.253748085679
559.3143726666667,0.253628785441
516.5299968466667,0.253628785441
503.79296454,0.253628785441
491.9834430733333,0.253628785441
476.50780399666667,0.27600064833050003
511.44959445833337,0.357108059106
507.2348891216667,0.3576046161965
502.68834649166666,0.3576046161965
502.466070275,0.36728882494
455.60440171999994,0.37492017004666667
453.811862295,0.375276724265
448.234802285,1.1662623731783333
444.5156358566666,0.5302170976566667
536.5077877483334,0.41840735832666665
546.9971889416666,0.5302921588016667
552.6314636950001,0.7563355382649999
562.0666080433333,0.667742536315
631.4782792433333,0.6893997348933334
629.3231929183333,0.70203946097
629.86951127,0.70203946097
633.1971050899999,0.70203946097
602.5927547133334,0.6618554758066666
634.4194812366667,0.7034915155866667
676.5393484,0.6377226223216667
642.75686721,0.3602891839683333
623.1154651383334,0.3427215760616667
606.4539487483333,0.3940644327383333
643.0681224466666,0.391173437415
611.1178621233333,0.34047016916949996
578.3661712433334,0.38583808438
570.6006576133333,0.40863496136999994
432.1809866533333,0.16300053779749998
429.31869882999996,0.15196710455833332
555.4206277533333,0.2847479222571667
566.5032252416667,0.27299716444166666
566.1882412166667,0.26544177920016665
521.76631344,0.25611523672616665
511.163871645,0.253628785441
500.407487945,0.2537469173733333
486.37124889500006,0.2929854376985
509.807739695,0.3495999425775
505.5850386966667,0.3576046161965
506.0853676116667,0.36745820291000003
506.2678154166667,0.3737462302833333
464.2285799383333,0.37492017004666667
465.480027655,0.38467102703833334
461.4371955216667,1.0239172625183333
548.1716654100001,0.48149434445000006
542.557510335,0.4820220397983333
545.9891869366667,1.198455535255
557.9032952416667,0.8297934537883332
550.7771915633334,0.5806515410349999
615.34456157,0.5205670659683332
612.1700518083334,0.7016744340833334
607.4255959333333,0.70203946097
602.359524865,0.70203946097
582.2219888366667,0.6549907150966667
616.4649340883334,0.7035057892900001
650.1095498766666,0.7182566919000001
634.15120742,0.42299898409000003
591.2093810916666,0.3427215760616667
612.7100647933333,0.34327921746
611.79484012,0.4289885232666667
580.14075367,0.36391788537816666
571.3016058649999,0.48609380894666665
565.6001698416667,0.56525573974
430.0443771733334,0.33419597356499997
419.867788765,0.2731722751966667
411.8571460733333,0.17354627105416665
407.26131520166666,0.27006774022833335
300.3141879666667,1.2007658205766667
302.731060345,1.2106783923733335
561.24821721,0.2847479222571667
567.0942659333333,0.2847479222571667
520.79866008,0.27234290379816667
511.6303211383334,0.25881674584450004
501.6960517533333,0.306098859532
490.15438366499995,0.35748625089950004
514.4430775316666,0.3576046161965
510.9288332183333,0.3600397835156667
510.25232528500004,0.3744974342233334
512.570321025,0.37492017004666667
470.44261236499995,0.37492017004666667
469.97281272166674,0.3749358608233333
459.66242545,0.7453974032166667
549.3718634116667,0.542636887005
546.3153367916667,0.9935046668716666
538.9233288883333,1.9221167190200001
542.1309499833333,1.459923359615
538.1069337116667,0.6295915409049999
595.4836133516667,0.5560671096750001
596.728129865,0.48691143043833335
585.6956528733334,0.6671519790633333
577.4973685433333,0.70203946097
535.55986118,0.6683840274983333
566.3926401583334,0.7050673136983332
600.4560782583334,0.8033913659283333
617.8686365433334,0.47307847172000006
610.02821794,0.37034729137666667
555.9544124949999,0.3427215760616667
571.6813746883333,0.40813673693833336
560.7463321916666,0.48592655910666677
562.6179021266666,0.47612729410833327
562.1371192083334,0.5559134242483332
426.8933484533333,0.5039994000116667
414.8049155316667,0.7172084272600001
403.6435461583333,0.4676993443866666
412.2458385866666,0.6902005056300001
293.85518224,1.4496104226449997
294.7588166816667,1.3269529608200001
290.62539995500003,0.7660982654683333
285.344770245,0.7003466061316667
278.67104149,1.0331327163133335
563.8008213333333,0.2847479222571667
564.0423042366667,0.2847479222571667
519.017829535,0.2829100123161667
511.23903085999996,0.29496194444483337
571.41782517,0.30905161122183333
557.0535198466666,0.3034335375053333
513.4725875883333,0.4396017547671666
511.380879805,0.40257182263333335
542.5966882816666,0.37492017004666667
540.8595269333334,0.37492017004666667
468.1817178233333,0.37492017004666667
466.1807017516666,0.37492017004666667
555.4587260933333,0.38091858687666663
545.0820961866667,0.49670133461666666
543.5216630116666,0.688491307595
539.251320125,1.8332687481666665
516.0875244266667,1.951730024543333
521.4557884116666,1.1427847629266668
581.1411989116667,0.6161348355933334
577.4853932599999,0.5911538033566667
594.73530186,0.5214172735966667
592.0934096066666,0.5523630780933333
507.4726951133333,0.673697569875
517.3809976266666,0.6383451504200001
524.9088962866667,0.796829252195
585.5565400183333,0.5644733329766667
521.5158980166667,0.40064566967666665
520.6007568566667,0.6304043745000001
669.6424227316667,1.0321359827833334
684.6111364533333,0.6381793944166667
549.7899604033333,0.471989283915
550.6665371166666,0.5237126316116667
572.2831167033333,0.679624332845
557.0786669199999,0.7990686708983333
402.21660598166665,0.897799959985
407.1327969283333,1.5012557291833333
458.6773747683334,1.5393841831550001
463.00110221499995,1.427850819465
279.56579933,0.5051055723666666
276.815426255,0.66402274279
241.89426633666665,0.7421699579783334
237.348179055,1.1932477167766669
627.91147791,0.30369914095983336
630.9343075316666,0.2851144219286667
598.8705692966666,0.3210476485935
588.2148255866666,0.4541066992016667
569.109392175,0.48204926654833335
553.633946225,0.58267309679
541.6339628650001,0.5032544867128332
537.9963626383334,0.5127060153316667
539.1244784383334,0.5324174649816668
536.8023519116666,0.5339689974933334
536.245010955,0.45179368944833337
533.5935029499999,0.49745441884499997
537.3198116183333,0.601364805465
531.857997355,0.6417385564233333
522.0855879466667,0.74001600551
523.5084651066667,1.3784566230566666
519.2586437366667,1.2315557032833333
505.69728368166665,1.076710498745
589.4867231816667,0.6025437165183334
578.6248461499999,0.6127258431033333
570.72639811,0.5884812859499999
558.2350098999999,0.5422279619
545.8332310483333,0.43303567218333333
550.0648103883333,0.8033114125949999
563.0791127450001,0.8812398583049998
566.91621374,0.6042321080066667
574.4766751333334,0.38463603845166666
573.8118025233333,1.1450956417933333
666.6854816083332,1.2926540668383333
660.6305511433334,0.8203183689066667
662.2097527083333,0.4971667850366666
659.1284640116667,0.534643616845
549.1507953433334,0.7652111684633334
534.4437726566666,0.938185552815
536.4250682549999,1.2763928604333332
537.2158415066666,1.7572719666983334
439.1928945133334,1.9481671236833333
445.20715926833344,1.1755146799533334
438.4226706683333,0.8613110481566667
423.79668756,0.6784732731733334
229.72856601833334,0.9461068082166666
224.43201395666668,1.2998346802016667
215.7779876233333,0.8682173941966667
618.5465560183333,0.41324001869050003
631.3878690833333,0.42649561417500004
598.9747331083333,0.7324185159633333
586.2725877583333,0.9795371399549999
570.5518213733333,1.0747753969783334
558.7781541083333,0.6719128246483334
544.1438950933333,0.5792658376023334
537.448901765,0.5310295329485001
530.35716714,0.5690604619366666
532.4617592416666,0.7987679103866667
529.317461485,0.6315637827666666
526.7984081916667,0.6407783094733333
519.9606270066668,0.6979411451699999
522.2062432233333,0.7039082939966667
514.7475462416667,0.91216785211
506.88488487833337,1.3230183705516665
502.2277733816667,1.1912951698083334
492.37072221833336,0.79240138577
573.3696353333333,0.5517418927083333
556.0467939083334,0.5555698246866667
551.8447263583333,0.9667204762750001
555.3468937566666,0.5377043837333334
548.3731323233333,0.6856459196166668
558.9448755066667,0.9213606425316666
570.4609954683334,0.8270702078633334
583.8335610666667,0.836396474855
588.9159687683334,1.02727451779
572.60325092,1.4648982821399998
656.7867979450001,1.37306592247
639.3011365533333,1.0528055150200002
647.0064191383333,0.7428591357416665
637.7391818366666,0.4972143323016667
524.5431256533334,0.6593492204983334
513.4769732116667,0.9491229504533333
510.56341431500005,1.4681398118633333
513.048943745,1.7994381475166665
421.7103490266666,1.7978962696666667
426.25228921,1.7575089105833335
419.4715854183334,1.2119888850166665
403.75754017333327,1.11859286018
216.1584318,0.8329177406366666
206.708028375,0.70702700445
206.473306155,1.1149220661016668
618.2120605833334,0.39838919450366667
610.5737862833333,0.4256369566745
637.6717528099999,0.5401381979666666
605.687448645,0.7536949088150001
590.6221400983334,1.1268581335666668
578.9658979516668,0.9068246102333334
563.0113375566667,0.597205008604
550.992117225,0.5342392261083333
539.2209991933335,0.4431602959683333
530.4566979383333,0.46916190433000005
525.8872800683332,0.7656053317866666
522.7512876216667,0.7908154477716667
516.6043901216666,0.6770321372466667
511.5904265749999,0.6734665133550001
510.56717939833334,0.8140192672633333
499.4714129783333,0.7649080752483333
492.725060135,1.0324179724766667
485.0745595116667,1.0707701477233333
473.48997537,0.540604541865
556.022246075,0.6719137305566667
549.8591850633334,0.9545701305783334
549.9783852633333,1.03635706649
553.5842884933334,0.6187157651883334
540.9148652499999,0.55184006632
544.4671466383334,0.5454518434883333
569.1739817399999,0.7746447881416667
574.1526822666666,0.9405386556166668
575.1728168733333,1.1128751665016667
573.3878790683333,1.5178932298566667
664.0145134583333,1.3007304318983333
661.6415991999999,1.0762693187133334
644.8289108566667,0.9943371385216666
618.488551295,0.6825366077833334
503.86527399499994,0.8516852574883332
485.142137175,1.146423251865
488.2298767383333,1.6439115039833334
495.1322187166667,1.8538859780166668
408.89663710499997,1.7744252499999997
402.0472831966667,1.5493323992516665
397.6839283616667,1.2342567258716666
376.5228348300001,1.3490324491533334
198.54730229333333,0.8402845150900001
191.93052707166666,0.7893312448983334
192.00371386833334,0.7110315340183333
660.6399565983334,0.9328002713633333
644.528849105,0.9328002713633333
629.8908134899999,0.5015206530516667
627.2321795633333,0.4173251454601667
643.7205916266666,0.8897312862016666
610.333291135,1.1549874775716666
594.35153343,1.1549874775716666
583.7818909283334,0.9023677092883334
568.6055255016665,0.6561313726566667
556.8697612966666,0.48806613093833334
543.3707825433333,0.47701881068833335
578.2052300133332,0.72630640858
571.952794195,0.9014962614233333
521.139686395,0.91045873604
515.0770302683333,0.8873293456383332
542.2439161933333,0.7850322904516667
588.336643845,1.20633800356
493.53326617833335,0.9174854723816667
484.72673278166667,0.977835133665
476.503983535,0.5027262121016667
468.13387513666663,0.4276532375883333
549.6491680183333,0.4271604990149999
545.5492182483333,0.9787721742566667
658.18579046,0.9218062320549999
664.6767829383333,0.627190661365
523.6396122,0.6479001673866667
530.6832102349999,0.6927028370083333
717.306156125,0.8195940159033335
741.0227028350001,0.9485917847566667
567.3303374333334,1.1101460999416666
563.486427875,1.176729419155
644.2605301616667,1.1393842839866666
654.320334325,0.994791549835
651.2117004516666,0.9985047645799999
608.8428215616667,0.9764684963816667
483.70120121166667,1.1467036352016666
464.6119451266667,1.3748151404116664
468.8264839733333,1.632619932983333
479.38766531000005,1.885689877683333
325.26041712833336,1.9117875145333334
327.4836165566666,1.8862117026833334
385.28400486500004,1.4829209501366667
361.72813871666665,1.90585598785
275.4059211333333,1.4335499475133335
176.76421210333334,1.3523052763449999
721.8026678133334,0.9328002713633333
708.92569827,0.9328002713633333
694.7258702116667,0.9328002713633333
670.9888192866666,0.9328002713633333
659.9032261016666,0.598586311275
658.5813714233333,0.5445847268633334
656.8902219916666,1.1140691154566666
633.8679217916666,1.1355835010916666
623.678428645,0.9457115904133334
606.8601688033333,0.8846445098650001
594.3993271200001,0.7213265275466665
604.4151386816667,0.4894639148483333
592.4030107816667,0.8198532443766667
581.383911895,0.91045873604
573.2269267716667,0.91045873604
564.3677465716668,1.2214227301166665
550.62647547,1.6454645896016664
536.3444282933334,1.4328391265133331
580.1711428916667,1.5380579201433333
566.5859659566667,0.63880382793
557.2342874349999,0.48642674735999997
549.1398938533333,0.4812261417633334
542.4511329366667,0.4403241039633334
657.2888057366667,0.5110111277999999
654.4269068016666,1.0045504535166667
656.2100265416667,0.7737942499616666
649.6037243466667,0.6835177852033333
665.3429030133334,0.5424812484183333
705.0872066749998,0.7722828919066667
708.6554462866667,1.112430378495
699.5826915166668,1.1579001513816667
660.31205704,1.1579001513816667
668.3713610333334,1.1579001513816667
631.2497396583334,1.1579001513816667
631.9295187033333,0.9799109315433334
600.6618097549999,1.1063414368366666
575.06310759,1.1126925118433335
461.3442075983333,1.2360155627466665
431.48347406500005,1.5742398687999999
437.86525536500005,1.8777623372833332
450.24108321166665,1.8380997950499998
320.69171330333336,2.5034009095666665
317.368104925,2.337097432483333
318.6307846266667,2.0291556793
301.013360905,1.7565024776166664
275.00377105166666,1.6232276005
749.6042400416667,0.9328002713633333
749.7302788883333,0.9328002713633333
736.4919213933333,0.9328002713633333
721.2892742,0.9328002713633333
695.6926367333333,0.9039907335083334
689.6558754266666,0.5765061322033332
678.5295154216667,1.06133526093
669.3148087083333,1.1549874775716666
646.9527823833333,1.02067099349
630.5223956016667,0.8668796903883332
616.4202039033332,1.0941999787133334
602.7310909266666,1.4117975701966667
612.7644696450001,1.2683480865533334
598.51427494,0.9115291572249998
585.6035900383333,1.0315343939050001
573.7698362733333,2.1614534687266667
560.1965479266667,2.791919759008333
547.2524867449999,2.9716467692383333
534.8951982366667,2.05174224442
516.8221768766666,1.79297747508
556.4913085266666,1.6530983373383332
548.8297974466667,1.0942178790283332
540.9446360633334,0.8023816993616667
538.1401571833333,0.44414643879
652.1930488166668,0.90720644599
653.4046600800001,0.9773917944233333
646.571086125,0.74875841758
641.6121809383333,0.6301641427416667
653.038215155,0.49230765120000003
681.84786886,0.7570971975599999
686.2460748033334,1.1579001513816667
682.9120244100001,1.1579001513816667
646.5663556433333,1.1579001513816667
644.2230196116667,1.1579001513816667
609.8336994900001,1.6914877047999999
602.3453946349999,1.8384292501833333
578.7738611883333,1.9032750389666666
557.654779815,2.48612331385
443.8445766249999,2.16545865875
418.1698314383334,2.384000733
409.54929606666667,2.09195880595
411.52319042166664,1.4030655166866666
296.48591768333335,2.1477761674333338
306.85198655000005,2.5325220885
305.71527334333337,2.296625994266667
286.922836425,1.485751605835
779.1346145433333,0.9328002713633333
774.982284425,0.9328002713633333
766.0198043516666,0.9328002713633333
752.4864622383334,0.9328002713633333
725.4036397516667,0.7691135328333333
716.5491614416667,0.7961914128383334
697.3286630033334,1.1549874775716666
689.9073505766667,1.1524252605866667
660.374059705,0.9648734994916668
641.278902885,1.5745471213783333
627.8632195933334,2.882139922671666
611.5653472866667,2.9829112161033335
618.7585389433334,2.981932873485
602.86423932,2.7583363728583334
585.3615413133333,2.4881378217866668
575.751153375,2.66651712449
564.2254047666667,2.9829112161033335
551.76034897,2.8691481933549996
533.0397366583333,1.9197685468800003
512.5470118216666,1.7928985585133332
553.1165741183333,1.8104320514483334
545.6460183433334,1.1535662484233336
540.5096784733333,0.9989610766449999
534.854189585,0.47428001716499996
653.0249398633333,1.0060559784116667
641.6446772300001,1.4370274591833332
630.1041874716667,1.4774625989666668
635.4493751416668,0.9053766137333333
654.5417085466667,0.6943118232866666
671.3601963416667,0.733138474315
666.2124405699999,1.1185060799583333
658.3023789933333,1.1579001513816667
635.6823715416666,1.1595132523083334
635.1301068383333,1.7246547884166665
592.67434894,2.0708489674
596.2444250683333,2.07699321105
582.627347005,2.3646078999333335
573.2266003716667,2.6201280816333337
451.1408445283333,2.7493854595
414.3533642666667,3.0469909910833333
406.50488358,2.5795090094499997
406.5718464566666,2.1376644835166667
719.554851265,0.9328002713633333
815.8700639666666,0.9328002713633333
815.70451109,0.9328002713633333
717.5824786066668,0.9328002713633333
743.3798052933332,0.9097710499633334
755.5210284966666,0.7680262685150001
731.6221556333333,0.9709596827316667
682.8798045416667,0.883959977625
671.0485782866666,0.9106151322583333
672.5075841316666,0.8567369162316666
658.7647168000001,1.5420880920816669
660.5655277616665,1.5973332674533334
639.2705020866667,2.6596449605283334
623.9936328533333,2.9829112161033335
606.5020988883333,2.908471034068333
581.8146355350001,1.6742902907316668
585.1092497266667,1.1982366680233332
572.8125954333334,2.4143302836
556.3645473916667,1.5216016749783332
536.5898419333334,0.856553751825
521.4058058366667,1.5948073825583333
562.3057181833334,1.8108767924483333
551.49733287,1.192877856165
549.7465505116668,0.9235610582983332
590.3620101616667,1.1057352311866666
650.3014621383334,1.1526945389516667
634.8108696033333,1.6374561316333331
633.0907822283333,1.6434756217000002
647.9256304416666,0.9788130442333333
647.4646223566666,0.9070351983016666
639.544067295,1.2262685943666667
604.8302658466667,1.1560880222033332
631.3836149983333,1.1579001513816667
611.8102648433334,1.1873582822666666
609.9689469516667,1.9557987760166666
577.1371840183333,2.07699321105
566.8127953566667,2.0519622019166666
548.5649348416666,2.0285544748833333
544.3047297433334,2.5115291134333333
336.61938526166665,3.2629879189333333
311.71520730500004,2.938863684816667
395.09595815333336,3.3049441282833336
401.19379442166667,2.7243799848666663
770.0291156133333,1.34199360901
763.6880247449999,1.2817240886883332
761.4045815716667,1.1684180341366668
744.6825568216667,1.0225755839383335
729.17471908,1.01646878298
754.837611555,0.8247612963666667
727.9775384899999,0.7372781175366666
714.2913831916667,1.13651402408
698.45497677,1.319337805605
720.5717832383333,1.24311143038
696.967733935,1.294899570355
674.6466779166667,1.9712216672166667
650.3361370866667,2.425110429685
623.09532671,2.420387106288333
601.6699806016667,2.0061253923
587.9068193383333,1.1400090592066665
582.6113512816667,1.0959360693616667
581.0010721766666,1.0101882364216666
565.0177063699999,0.8094548174633334
549.3686226033333,0.8796010598266666
534.702701875,1.7574538088783331
632.1268922566667,1.2209918465183334
624.2802629966666,1.3170431546149999
615.9046512883333,1.372281318268333
595.2309298733334,1.3726633393983332
611.7746861433333,1.2536530080966668
609.5730391483334,1.6341797971666667
603.6344182616667,1.534293157786667
599.102194625,0.7559469864666667
614.5936163716667,1.2337685806316667
598.6086783966666,1.4539701224683335
609.8860189183333,1.1588902805899999
612.0008762900001,1.1579001513816667
610.2721950966666,1.1579001513816667
618.3902624033333,1.9032843346500001
472.53738038499995,2.07699321105
464.1870516083334,2.1764671007166667
453.39471819666664,2.4556986463
459.3768286833333,2.5042717799833336
316.42948895166666,2.67829084145
296.64585837,2.443889963633333
296.254009565,3.718130041633333
295.14697540000003,3.048630707533333
793.6209474616667,1.7717831356283331
788.9477154166667,1.8029500495033335
784.5171620716667,1.6147016076316667
776.650856265,0.9063765270016667
765.6745739083334,0.76292452077
789.2898005816667,0.7075840939150001
761.550562615,0.7243609008266667
744.4795583216666,1.493806036373333
728.091840275,1.6322303253033332
748.1198882066667,1.62972835209
714.295199525,1.6324350644749999
681.1879606333334,1.5850735011016666
654.2899613716667,1.2717628220866666
624.78993326,1.2202641260316667
606.0515950633334,1.2202641260316667
596.128655125,1.1889897352616665
589.1353624733333,1.0959360693616667
589.9769249116666,1.04154453683
578.703729035,0.8820954121466666
563.7527785983334,0.9240784346883334
547.84560028,1.7284457704866667
647.0548712883333,1.0924343811516666
628.1409146533334,1.3364930339016667
623.8051486833333,1.3726633393983332
611.8341329633333,1.3726633393983332
609.4463253283333,1.43811570776
592.9683586116666,1.7892162319833333
594.016522085,1.5964897194833332
598.0267930966667,0.791087465235
598.3061683933333,1.1293418900516665
576.4684004483333,1.4720422778516664
568.9421258516667,1.2119261329833335
591.00705627,1.1579001513816667
585.7242650766667,1.1579001513816667
584.4001925299999,1.6059458898166667
454.0560947116666,2.07944202815
462.1390042,2.5780629906
436.1531509783333,2.2720747597999997
431.3559407766666,1.8298205784666668
297.70647924,1.5800478644000002
283.51180334,1.4221829281849998
284.2786809133333,2.25219432935
798.6506396766666,1.6580803857500002
801.4628123049999,1.3056676578883333
800.0685082199999,1.1460289987016667
801.8408286250001,0.6816008605033334
789.8078656633334,0.679798914505
809.2005128316666,0.7319231803566668
792.1098380216667,0.781375750345
778.0153056083334,1.2105684220933335
759.586269665,1.2735267736383333
771.2039745500001,1.132705039245
730.1384197799999,1.4497297525216666
691.6576696550001,1.4023969362166668
662.581640565,1.2202641260316667
629.9162454116666,1.2202641260316667
611.7486425433334,1.2202641260316667
601.2946460483333,1.1822587593216667
595.4263687283333,1.3283739573666664
600.5116857966667,1.8668482276333334
593.4182607266667,1.7180993031916665
573.7220189616667,1.0872947755866667
554.9050969483334,1.5499217821383329
661.2176156783333,1.1243118233283333
636.46887372,1.2871627535866668
613.1064406966666,1.3726633393983332
613.7717895283332,1.3726633393983332
613.7365141716667,1.4960662211333335
586.8602247916666,1.8881264841833332
578.727747765,1.64356773645
598.6192904916667,1.48004591153
621.5646385699999,1.383438321615
568.9116454299999,1.4649732995533336
543.894107705,1.163247263678333
566.7425342483333,1.1579001513816667
557.2566987466666,1.1579001513816667
556.7417759316667,1.4297463708333331
425.47655385,2.07699321105
443.0866748,2.2078572873499995
413.0825797733334,1.7776311226
393.89444536499997,1.35909461925
280.657918085,1.131346201755
272.85437046,0.8598107641666666
277.7605754333333,1.5223597027999998
809.6717078866667,1.3814354468983334
811.5360928066668,1.40282010225
877.7372680933332,1.2432073126133334
815.6823786350001,0.76283442263
826.9582680233334,0.8000127675016665
812.63265757,0.8518453707116668
768.4485135083332,1.2440731435916668
774.806166525,1.7725388885016666
789.8662743250002,1.212089859325
739.169002305,1.0875635702683333
634.8897735483333,1.1921517907716666
606.5960866433334,1.2202641260316667
631.8587748633333,1.2202641260316667
613.3437777783333,1.2395230550566667
588.539356475,1.5062070411133337
596.648874245,1.7641248971316665
606.5040961266667,1.807427242733333
604.6533736033334,1.59594920625
565.7919820466667,1.353329947025
550.4654085733333,1.2842356722133332
670.8399382233334,1.071519597023333
646.2215113083333,1.26357908422
621.3843547016667,1.3726633393983332
599.916257185,1.6945234227833335
618.252558145,1.6901173930166666
595.6333548433333,1.8950841468833333
483.08715142833336,1.8044954862499998
460.65716763666666,1.6392755527333331
550.6120641433333,1.5403809626099998
575.865019565,1.4656266842466665
585.843022655,1.2579923383016667
548.5818083066667,1.1579001513816667
534.5903173766667,1.1579001513816667
532.058555795,1.54329652365
402.6508528383334,2.07699321105
401.1873710366666,1.9931560042999998
393.6973603283333,1.619164917266667
370.3599667116667,1.12810749867
269.0353672283333,1.1666337582016668
274.0756524783333,1.0105221247066667
893.4448227733334,1.4459149686133332
889.8366378016667,1.43098237823
892.6060206983335,1.0620671275966667
869.004072315,0.7897942522166668
809.5768859783334,0.9100394689783334
793.8021704349999,1.2520799553350002
777.288182165,2.3585794583433333
756.07296027,2.396157209766667
725.1197952050001,2.5918948719
678.1828138799999,2.225574694633333
634.1224470983334,1.4770816818899999
599.2658535366667,1.5699050475783334
666.5231282283333,1.6122327437466668
646.3792793766667,1.7692485806366667
585.86625643,1.8396982251266667
591.0560762066667,1.8271403750700002
586.012038195,1.5435552267500001
587.9324025933332,2.4015858692
578.8119906883334,1.5677321482499997
563.3912314466667,1.8435475169666666
637.8036972083333,1.2941739153283334
608.9072298883333,1.2941739153283334
583.86065383,1.2941739153283334
560.7483887933333,1.815837132
530.8562208816667,1.8577502989999999
507.669999455,1.5620168994499999
482.0201006033334,1.8401679543833334
455.23143019500003,1.5251569874333333
411.65909575,2.1852288732166665
409.2020306216667,1.8100249718666668
414.9847830933334,1.9384063154666669
403.23474440666666,1.8263007697166667
419.48100780666664,1.4744261813133333
415.5586074833333,1.5591439326166667
359.2950660866667,2.0252604687833333
353.96203775500004,1.9434376997666665
351.5262141766667,1.5573683278833335
324.35334379,1.178719316445
317.18110422333336,1.0914267822166666
908.2236627433333,0.7786671109283334
885.2371361133333,0.7786671109283334
823.0456027833335,1.0068717371633331
805.40305806,1.8745563654533333
779.0543840433332,2.313914990733333
753.3226852350001,2.4621112153166664
716.8023524166667,2.5615061341833334
670.0350752416667,2.4076727237
625.4884683866667,1.9735458511333333
633.575202185,1.7099256712566666
640.5969313600001,1.7130936671633334
587.3981136433333,1.7843159805833335
594.4311362883334,1.6805232535666668
592.2259907183334,2.252417090983333
583.0231635866667,2.35686702745
582.3079383016667,1.9412799185333334
646.1574562683332,1.2941739153283334
617.4864644833333,1.2941739153283334
598.9598716183333,1.2941739153283334
570.2972347716667,1.3469176595683332
526.59030453,1.776872806516667
512.1336530233333,1.6295977672833333
490.52300756166665,2.0439137206333333
457.39730956333335,2.4782018449333334
410.4910755766667,2.308651944533333
393.1231445766666,1.9164883370666665
387.91537368,2.1722585075166667
399.53488841499995,2.0066247821500003
412.35846022666664,1.5619964128166666
398.44349464500004,1.6282628495066669
342.74273482666666,1.9279097761666666
330.71841093,1.2593394056200002
318.48739574166666,1.6071739422166667
304.88353875166666,2.094352268416667
847.01708823,1.685374337635
821.3445653683335,1.4592165144533333
788.0258025150001,1.8519756225166668
736.4949050116667,2.0569781939166667
703.0719122466667,2.2148030929
663.9226847933334,3.175679450583334
621.32185449,1.62308482227
641.3236072916667,1.6421131015416668
621.9519176516667,1.7213342641166667
629.5139488899999,2.0723049878833337
606.2011763516667,2.0596222684333334
595.2580549116667,1.9335238036666669
586.379164905,1.9386563558166665
653.5188777066667,1.4835919049166666
630.8964333333333,1.3351465456366667
620.8144151716667,1.2724327926133334
597.10453092,1.3428173226716666
534.6194075216666,2.2015706349333333
516.649746915,2.5874241677833334
500.5248796116666,2.5796719915333335
476.3641233883333,2.2288442014333336
423.5798889033333,2.0602066598666666
407.4991910833333,2.508508110966667
404.0746419183333,2.0481238035
396.69582158333327,1.6423400546833333
408.92489257333335,1.6303880899833336
390.6138976633334,1.9017314799333331
330.8132120133333,1.9616144467
303.29140401499996,1.0720349068916666
291.37982767333335,1.5691294199999999
282.12303726,2.341347812071666
621.5177387466666,1.618947071216667
574.21365696,1.618947071216667
588.5863795066667,1.6460680189
604.1957202933332,3.0288190067999996
601.8654414816666,2.5318064513166667
480.6138158766666,1.9895638508333335
468.82298195,1.7757491626166666
662.267094645,1.5076263426666667
653.5389762283334,2.1734001883
631.1685554233333,1.3462992372733333
596.3514363116667,1.2658395237533333
537.3985644916667,1.7622556613833336
510.96112554666666,2.5821889079166667
490.2305084733334,1.94656812245
484.759436295,1.8216108906166668
445.65962737999996,2.0420811547666666
421.67495283499994,2.5327488725666667
407.5356613999999,1.6941452582333332
395.50017686666666,1.7390377367333334
407.14651356999997,1.4658691437166667
387.1745082066667,1.8748226554499998
307.36342267,2.1035088832166666
280.38846458166665,1.4449662762249997
272.50641247833335,2.13771329095
509.9260873933334,1.618947071216667
571.6903732083333,1.816659926865
574.9542448433333,2.6032278661833335
469.9178181433333,3.22129895965
470.73767246666665,2.9949216122999998
491.53387251333334,2.4355816929500005
468.9067906266667,2.960454717416667
442.1819627583333,2.6896934765
448.058530595,2.1376344803
435.53649428833336,1.4177615658216667
410.05069493166667,1.359141894675
402.6283068483333,2.2834807127666665
383.82103579666665,2.5561971360499998
377.16791703666667,2.2884350260333335
367.18062633000005,1.5114178405333332
397.33057253,2.408100311633333
376.29673868333333,2.9420877996166666
366.14118461166663,1.8918637381
352.75601335499994,1.6217013440666666
320.91175369666666,1.7663757257500001
303.766464225,1.6824135230166666
301.8730155683333,1.7368111006833333
284.19335035166665,2.8527028150666665
255.32172188833331,2.3631626971499995
506.9255474016666,2.7997876104999997
462.86338574499996,2.7981157542333333
460.0590213366666,2.6387036701833333
456.4816966000001,2.6323679215333335
452.85974729000003,2.8340796585500003
456.4690019733334,3.654350627216667
438.46518100833333,4.819898601033334
456.88417957166666,2.9651445433833334
432.4276274533334,2.4861552218
402.8999788866667,3.2092116433166664
391.6461501183333,2.5416068482833336
377.08181464499995,2.4678613529166666
362.7631538466667,3.49356898955
396.4614419033333,3.7938398650333327
383.3593813666667,2.8067018514333335
369.3188489233333,1.9935025654499998
353.91300094499996,2.35461319715
321.94813025,2.0213784570833333
301.38081469166667,1.8587879094166668
300.8982665716667,1.6675518145166668
281.105732795,0.5788053326116667
252.04540379666668,0.3980935519783334
449.4467152416667,2.60592633895
433.7731772833333,3.227430340233333
420.25542859,3.259098888633334
410.11247698666665,2.904335921933334
416.5037866066666,2.23697507135
442.4601736233334,2.49529707645
399.3093559316667,2.9799406030166664
374.3526446516666,2.49488898075
358.3600869416667,2.619855022216667
395.318621875,4.357600884633333
385.40459273499994,3.626198682866667
374.4836127233333,2.6089900003666666
357.3483979616667,2.237825871583333
323.2120549516667,1.9612107025166667
300.52218357666663,1.86597943385
300.02957719166665,1.6706802106333332
279.8084143633333,0.8725416091266667
424.56535219499995,1.8701066014166663
391.47337483499996,2.6451308482833333
419.40037645499996,2.593164515783333
389.30197818666664,2.5113822313166665
360.5843338066667,2.07274531925
391.3271084233333,4.407195843766667
328.73979219833336,2.17172646835
323.0699066866666,2.1251310187166665
299.86076198833337,1.8004298862833337
347.3276193583333,3.7223269009166664
326.30825691666666,3.546510449216666
363.45091014999997,3.9572423537666666
286.32803407,3.671570308316667
364.465509755,2.3609427542666666
345.2998815683333,2.6945218866333334
326.0816477883333,3.7949551967000006
303.272127555,3.8062982326999997
318.5866434783333,4.099166792216667
286.1991009833333,2.9583913548666665
257.985464295,2.9172385824166667
246.452347845,2.291814673683333
253.694240635,1.3811046893699999
303.76899281166664,3.7957262778666663
293.80925536,3.9737597699333334
294.03055775666667,3.6054558019166665
241.08269868666667,3.1558663129999998
239.73274895666663,2.3887921287333334
249.22172727166668,1.5660452807666667
304.83476685833335,3.7949551967000006
286.40040709000004,3.817215461866667
266.018034245,2.862521504083333
221.2814645966667,1.41846704156
224.7242259533333,1.154515433965
